260618 20:10:31 [Note] Plugin 'FEDERATED' is disabled.
260618 20:10:31 InnoDB: The InnoDB memory heap is disabled
260618 20:10:31 InnoDB: Mutexes and rw_locks use Windows interlocked functions
260618 20:10:31 InnoDB: Compressed tables use zlib 1.2.3
260618 20:10:31 InnoDB: Initializing buffer pool, size = 128.0M
260618 20:10:31 InnoDB: Completed initialization of buffer pool
260618 20:10:31 InnoDB: highest supported file format is Barracuda.
InnoDB: The log sequence number in ibdata files does not match
InnoDB: the log sequence number in the ib_logfiles!
260618 20:10:31  InnoDB: Database was not shut down normally!
InnoDB: Starting crash recovery.
InnoDB: Reading tablespace information from the .ibd files...
InnoDB: Restoring possible half-written data pages from the doublewrite
InnoDB: buffer...
260618 20:10:31  InnoDB: Waiting for the background threads to start
260618 20:10:32 InnoDB: 1.1.8 started; log sequence number 1595675
260618 20:13:17 [Note] Plugin 'FEDERATED' is disabled.
260618 20:13:17 InnoDB: The InnoDB memory heap is disabled
260618 20:13:17 InnoDB: Mutexes and rw_locks use Windows interlocked functions
260618 20:13:17 InnoDB: Compressed tables use zlib 1.2.3
260618 20:13:17 InnoDB: Initializing buffer pool, size = 128.0M
260618 20:13:17 InnoDB: Completed initialization of buffer pool
260618 20:13:17  InnoDB: Operating system error number 32 in a file operation.
InnoDB: The error means that another program is using InnoDB's files.
InnoDB: This might be a backup or antivirus software or another instance
InnoDB: of MySQL. Please close it to get rid of this error.
260618 20:13:27  InnoDB: Operating system error number 32 in a file operation.
InnoDB: The error means that another program is using InnoDB's files.
InnoDB: This might be a backup or antivirus software or another instance
InnoDB: of MySQL. Please close it to get rid of this error.
260618 20:13:37  InnoDB: Operating system error number 32 in a file operation.
InnoDB: The error means that another program is using InnoDB's files.
InnoDB: This might be a backup or antivirus software or another instance
InnoDB: of MySQL. Please close it to get rid of this error.
260618 20:13:47  InnoDB: Operating system error number 32 in a file operation.
InnoDB: The error means that another program is using InnoDB's files.
InnoDB: This might be a backup or antivirus software or another instance
InnoDB: of MySQL. Please close it to get rid of this error.
260618 20:13:57  InnoDB: Operating system error number 32 in a file operation.
InnoDB: The error means that another program is using InnoDB's files.
InnoDB: This might be a backup or antivirus software or another instance
InnoDB: of MySQL. Please close it to get rid of this error.
260618 20:14:07  InnoDB: Operating system error number 32 in a file operation.
InnoDB: The error means that another program is using InnoDB's files.
InnoDB: This might be a backup or antivirus software or another instance
InnoDB: of MySQL. Please close it to get rid of this error.
260618 20:14:17  InnoDB: Operating system error number 32 in a file operation.
InnoDB: The error means that another program is using InnoDB's files.
InnoDB: This might be a backup or antivirus software or another instance
InnoDB: of MySQL. Please close it to get rid of this error.
260618 20:14:27  InnoDB: Operating system error number 32 in a file operation.
InnoDB: The error means that another program is using InnoDB's files.
InnoDB: This might be a backup or antivirus software or another instance
InnoDB: of MySQL. Please close it to get rid of this error.
260618 20:14:37  InnoDB: Operating system error number 32 in a file operation.
InnoDB: The error means that another program is using InnoDB's files.
InnoDB: This might be a backup or antivirus software or another instance
InnoDB: of MySQL. Please close it to get rid of this error.
260618 20:14:47  InnoDB: Operating system error number 32 in a file operation.
InnoDB: The error means that another program is using InnoDB's files.
InnoDB: This might be a backup or antivirus software or another instance
InnoDB: of MySQL. Please close it to get rid of this error.
260618 20:14:57  InnoDB: Operating system error number 32 in a file operation.
InnoDB: The error means that another program is using InnoDB's files.
InnoDB: This might be a backup or antivirus software or another instance
InnoDB: of MySQL. Please close it to get rid of this error.
260618 20:15:07  InnoDB: Operating system error number 32 in a file operation.
InnoDB: The error means that another program is using InnoDB's files.
InnoDB: This might be a backup or antivirus software or another instance
InnoDB: of MySQL. Please close it to get rid of this error.
260618 20:15:17  InnoDB: Operating system error number 32 in a file operation.
InnoDB: The error means that another program is using InnoDB's files.
InnoDB: This might be a backup or antivirus software or another instance
InnoDB: of MySQL. Please close it to get rid of this error.
260618 20:15:27  InnoDB: Operating system error number 32 in a file operation.
InnoDB: The error means that another program is using InnoDB's files.
InnoDB: This might be a backup or antivirus software or another instance
InnoDB: of MySQL. Please close it to get rid of this error.
260618 20:15:37  InnoDB: Operating system error number 32 in a file operation.
InnoDB: The error means that another program is using InnoDB's files.
InnoDB: This might be a backup or antivirus software or another instance
InnoDB: of MySQL. Please close it to get rid of this error.
260618 20:15:47  InnoDB: Operating system error number 32 in a file operation.
InnoDB: The error means that another program is using InnoDB's files.
InnoDB: This might be a backup or antivirus software or another instance
InnoDB: of MySQL. Please close it to get rid of this error.
260618 20:15:57  InnoDB: Operating system error number 32 in a file operation.
InnoDB: The error means that another program is using InnoDB's files.
InnoDB: This might be a backup or antivirus software or another instance
InnoDB: of MySQL. Please close it to get rid of this error.
260618 20:16:07  InnoDB: Operating system error number 32 in a file operation.
InnoDB: The error means that another program is using InnoDB's files.
InnoDB: This might be a backup or antivirus software or another instance
InnoDB: of MySQL. Please close it to get rid of this error.
260618 20:16:17  InnoDB: Operating system error number 32 in a file operation.
InnoDB: The error means that another program is using InnoDB's files.
InnoDB: This might be a backup or antivirus software or another instance
InnoDB: of MySQL. Please close it to get rid of this error.
260618 20:16:27  InnoDB: Operating system error number 32 in a file operation.
InnoDB: The error means that another program is using InnoDB's files.
InnoDB: This might be a backup or antivirus software or another instance
InnoDB: of MySQL. Please close it to get rid of this error.
260618 20:16:37  InnoDB: Operating system error number 32 in a file operation.
InnoDB: The error means that another program is using InnoDB's files.
InnoDB: This might be a backup or antivirus software or another instance
InnoDB: of MySQL. Please close it to get rid of this error.
260618 20:16:47  InnoDB: Operating system error number 32 in a file operation.
InnoDB: The error means that another program is using InnoDB's files.
InnoDB: This might be a backup or antivirus software or another instance
InnoDB: of MySQL. Please close it to get rid of this error.
260618 20:16:58  InnoDB: Operating system error number 32 in a file operation.
InnoDB: The error means that another program is using InnoDB's files.
InnoDB: This might be a backup or antivirus software or another instance
InnoDB: of MySQL. Please close it to get rid of this error.
260618 20:17:08  InnoDB: Operating system error number 32 in a file operation.
InnoDB: The error means that another program is using InnoDB's files.
InnoDB: This might be a backup or antivirus software or another instance
InnoDB: of MySQL. Please close it to get rid of this error.
260618 20:17:18  InnoDB: Operating system error number 32 in a file operation.
InnoDB: The error means that another program is using InnoDB's files.
InnoDB: This might be a backup or antivirus software or another instance
InnoDB: of MySQL. Please close it to get rid of this error.
260618 20:17:28  InnoDB: Operating system error number 32 in a file operation.
InnoDB: The error means that another program is using InnoDB's files.
InnoDB: This might be a backup or antivirus software or another instance
InnoDB: of MySQL. Please close it to get rid of this error.
260618 20:17:38  InnoDB: Operating system error number 32 in a file operation.
InnoDB: The error means that another program is using InnoDB's files.
InnoDB: This might be a backup or antivirus software or another instance
InnoDB: of MySQL. Please close it to get rid of this error.
260618 20:17:48  InnoDB: Operating system error number 32 in a file operation.
InnoDB: The error means that another program is using InnoDB's files.
InnoDB: This might be a backup or antivirus software or another instance
InnoDB: of MySQL. Please close it to get rid of this error.
260618 20:17:58  InnoDB: Operating system error number 32 in a file operation.
InnoDB: The error means that another program is using InnoDB's files.
InnoDB: This might be a backup or antivirus software or another instance
InnoDB: of MySQL. Please close it to get rid of this error.
260618 20:18:08  InnoDB: Operating system error number 32 in a file operation.
InnoDB: The error means that another program is using InnoDB's files.
InnoDB: This might be a backup or antivirus software or another instance
InnoDB: of MySQL. Please close it to get rid of this error.
260618 20:18:18  InnoDB: Operating system error number 32 in a file operation.
InnoDB: The error means that another program is using InnoDB's files.
InnoDB: This might be a backup or antivirus software or another instance
InnoDB: of MySQL. Please close it to get rid of this error.
260618 20:18:28  InnoDB: Operating system error number 32 in a file operation.
InnoDB: The error means that another program is using InnoDB's files.
InnoDB: This might be a backup or antivirus software or another instance
InnoDB: of MySQL. Please close it to get rid of this error.
260618 20:18:38  InnoDB: Operating system error number 32 in a file operation.
InnoDB: The error means that another program is using InnoDB's files.
InnoDB: This might be a backup or antivirus software or another instance
InnoDB: of MySQL. Please close it to get rid of this error.
260618 20:18:48  InnoDB: Operating system error number 32 in a file operation.
InnoDB: The error means that another program is using InnoDB's files.
InnoDB: This might be a backup or antivirus software or another instance
InnoDB: of MySQL. Please close it to get rid of this error.
260618 20:18:58  InnoDB: Operating system error number 32 in a file operation.
InnoDB: The error means that another program is using InnoDB's files.
InnoDB: This might be a backup or antivirus software or another instance
InnoDB: of MySQL. Please close it to get rid of this error.
260618 20:19:08  InnoDB: Operating system error number 32 in a file operation.
InnoDB: The error means that another program is using InnoDB's files.
InnoDB: This might be a backup or antivirus software or another instance
InnoDB: of MySQL. Please close it to get rid of this error.
260618 20:19:18  InnoDB: Operating system error number 32 in a file operation.
InnoDB: The error means that another program is using InnoDB's files.
InnoDB: This might be a backup or antivirus software or another instance
InnoDB: of MySQL. Please close it to get rid of this error.
260618 20:19:28  InnoDB: Operating system error number 32 in a file operation.
InnoDB: The error means that another program is using InnoDB's files.
InnoDB: This might be a backup or antivirus software or another instance
InnoDB: of MySQL. Please close it to get rid of this error.
260618 20:19:38  InnoDB: Operating system error number 32 in a file operation.
InnoDB: The error means that another program is using InnoDB's files.
InnoDB: This might be a backup or antivirus software or another instance
InnoDB: of MySQL. Please close it to get rid of this error.
260618 20:19:48  InnoDB: Operating system error number 32 in a file operation.
InnoDB: The error means that another program is using InnoDB's files.
InnoDB: This might be a backup or antivirus software or another instance
InnoDB: of MySQL. Please close it to get rid of this error.
260618 20:19:58  InnoDB: Operating system error number 32 in a file operation.
InnoDB: The error means that another program is using InnoDB's files.
InnoDB: This might be a backup or antivirus software or another instance
InnoDB: of MySQL. Please close it to get rid of this error.
260618 20:20:08  InnoDB: Operating system error number 32 in a file operation.
InnoDB: The error means that another program is using InnoDB's files.
InnoDB: This might be a backup or antivirus software or another instance
InnoDB: of MySQL. Please close it to get rid of this error.
260618 20:20:18  InnoDB: Operating system error number 32 in a file operation.
InnoDB: The error means that another program is using InnoDB's files.
InnoDB: This might be a backup or antivirus software or another instance
InnoDB: of MySQL. Please close it to get rid of this error.
260618 20:20:28  InnoDB: Operating system error number 32 in a file operation.
InnoDB: The error means that another program is using InnoDB's files.
InnoDB: This might be a backup or antivirus software or another instance
InnoDB: of MySQL. Please close it to get rid of this error.
260618 20:20:38  InnoDB: Operating system error number 32 in a file operation.
InnoDB: The error means that another program is using InnoDB's files.
InnoDB: This might be a backup or antivirus software or another instance
InnoDB: of MySQL. Please close it to get rid of this error.
260618 20:20:48  InnoDB: Operating system error number 32 in a file operation.
InnoDB: The error means that another program is using InnoDB's files.
InnoDB: This might be a backup or antivirus software or another instance
InnoDB: of MySQL. Please close it to get rid of this error.
260618 20:20:58  InnoDB: Operating system error number 32 in a file operation.
InnoDB: The error means that another program is using InnoDB's files.
InnoDB: This might be a backup or antivirus software or another instance
InnoDB: of MySQL. Please close it to get rid of this error.
260618 20:21:08  InnoDB: Operating system error number 32 in a file operation.
InnoDB: The error means that another program is using InnoDB's files.
InnoDB: This might be a backup or antivirus software or another instance
InnoDB: of MySQL. Please close it to get rid of this error.
260618 20:21:18  InnoDB: Operating system error number 32 in a file operation.
InnoDB: The error means that another program is using InnoDB's files.
InnoDB: This might be a backup or antivirus software or another instance
InnoDB: of MySQL. Please close it to get rid of this error.
260618 20:21:28  InnoDB: Operating system error number 32 in a file operation.
InnoDB: The error means that another program is using InnoDB's files.
InnoDB: This might be a backup or antivirus software or another instance
InnoDB: of MySQL. Please close it to get rid of this error.
260618 20:21:38  InnoDB: Operating system error number 32 in a file operation.
InnoDB: The error means that another program is using InnoDB's files.
InnoDB: This might be a backup or antivirus software or another instance
InnoDB: of MySQL. Please close it to get rid of this error.
260618 20:21:48  InnoDB: Operating system error number 32 in a file operation.
InnoDB: The error means that another program is using InnoDB's files.
InnoDB: This might be a backup or antivirus software or another instance
InnoDB: of MySQL. Please close it to get rid of this error.
260618 20:21:58  InnoDB: Operating system error number 32 in a file operation.
InnoDB: The error means that another program is using InnoDB's files.
InnoDB: This might be a backup or antivirus software or another instance
InnoDB: of MySQL. Please close it to get rid of this error.
260618 20:22:08  InnoDB: Operating system error number 32 in a file operation.
InnoDB: The error means that another program is using InnoDB's files.
InnoDB: This might be a backup or antivirus software or another instance
InnoDB: of MySQL. Please close it to get rid of this error.
260618 20:22:18  InnoDB: Operating system error number 32 in a file operation.
InnoDB: The error means that another program is using InnoDB's files.
InnoDB: This might be a backup or antivirus software or another instance
InnoDB: of MySQL. Please close it to get rid of this error.
260618 20:22:28  InnoDB: Operating system error number 32 in a file operation.
InnoDB: The error means that another program is using InnoDB's files.
InnoDB: This might be a backup or antivirus software or another instance
InnoDB: of MySQL. Please close it to get rid of this error.
260618 20:22:38  InnoDB: Operating system error number 32 in a file operation.
InnoDB: The error means that another program is using InnoDB's files.
InnoDB: This might be a backup or antivirus software or another instance
InnoDB: of MySQL. Please close it to get rid of this error.
260618 20:22:48  InnoDB: Operating system error number 32 in a file operation.
InnoDB: The error means that another program is using InnoDB's files.
InnoDB: This might be a backup or antivirus software or another instance
InnoDB: of MySQL. Please close it to get rid of this error.
260618 20:22:58  InnoDB: Operating system error number 32 in a file operation.
InnoDB: The error means that another program is using InnoDB's files.
InnoDB: This might be a backup or antivirus software or another instance
InnoDB: of MySQL. Please close it to get rid of this error.
260618 20:23:08  InnoDB: Operating system error number 32 in a file operation.
InnoDB: The error means that another program is using InnoDB's files.
InnoDB: This might be a backup or antivirus software or another instance
InnoDB: of MySQL. Please close it to get rid of this error.
260618 20:23:18  InnoDB: Operating system error number 32 in a file operation.
InnoDB: The error means that another program is using InnoDB's files.
InnoDB: This might be a backup or antivirus software or another instance
InnoDB: of MySQL. Please close it to get rid of this error.
260618 20:23:28  InnoDB: Operating system error number 32 in a file operation.
InnoDB: The error means that another program is using InnoDB's files.
InnoDB: This might be a backup or antivirus software or another instance
InnoDB: of MySQL. Please close it to get rid of this error.
260618 20:23:38  InnoDB: Operating system error number 32 in a file operation.
InnoDB: The error means that another program is using InnoDB's files.
InnoDB: This might be a backup or antivirus software or another instance
InnoDB: of MySQL. Please close it to get rid of this error.
260618 20:23:48  InnoDB: Operating system error number 32 in a file operation.
InnoDB: The error means that another program is using InnoDB's files.
InnoDB: This might be a backup or antivirus software or another instance
InnoDB: of MySQL. Please close it to get rid of this error.
260618 20:23:58  InnoDB: Operating system error number 32 in a file operation.
InnoDB: The error means that another program is using InnoDB's files.
InnoDB: This might be a backup or antivirus software or another instance
InnoDB: of MySQL. Please close it to get rid of this error.
260618 20:24:08  InnoDB: Operating system error number 32 in a file operation.
InnoDB: The error means that another program is using InnoDB's files.
InnoDB: This might be a backup or antivirus software or another instance
InnoDB: of MySQL. Please close it to get rid of this error.
260618 20:24:18  InnoDB: Operating system error number 32 in a file operation.
InnoDB: The error means that another program is using InnoDB's files.
InnoDB: This might be a backup or antivirus software or another instance
InnoDB: of MySQL. Please close it to get rid of this error.
260618 20:24:28  InnoDB: Operating system error number 32 in a file operation.
InnoDB: The error means that another program is using InnoDB's files.
InnoDB: This might be a backup or antivirus software or another instance
InnoDB: of MySQL. Please close it to get rid of this error.
260618 20:24:38  InnoDB: Operating system error number 32 in a file operation.
InnoDB: The error means that another program is using InnoDB's files.
InnoDB: This might be a backup or antivirus software or another instance
InnoDB: of MySQL. Please close it to get rid of this error.
260618 20:24:48  InnoDB: Operating system error number 32 in a file operation.
InnoDB: The error means that another program is using InnoDB's files.
InnoDB: This might be a backup or antivirus software or another instance
InnoDB: of MySQL. Please close it to get rid of this error.
260618 20:24:58  InnoDB: Operating system error number 32 in a file operation.
InnoDB: The error means that another program is using InnoDB's files.
InnoDB: This might be a backup or antivirus software or another instance
InnoDB: of MySQL. Please close it to get rid of this error.
260618 20:25:08  InnoDB: Operating system error number 32 in a file operation.
InnoDB: The error means that another program is using InnoDB's files.
InnoDB: This might be a backup or antivirus software or another instance
InnoDB: of MySQL. Please close it to get rid of this error.
260618 20:25:18  InnoDB: Operating system error number 32 in a file operation.
InnoDB: The error means that another program is using InnoDB's files.
InnoDB: This might be a backup or antivirus software or another instance
InnoDB: of MySQL. Please close it to get rid of this error.
260618 20:25:28  InnoDB: Operating system error number 32 in a file operation.
InnoDB: The error means that another program is using InnoDB's files.
InnoDB: This might be a backup or antivirus software or another instance
InnoDB: of MySQL. Please close it to get rid of this error.
260618 20:25:38  InnoDB: Operating system error number 32 in a file operation.
InnoDB: The error means that another program is using InnoDB's files.
InnoDB: This might be a backup or antivirus software or another instance
InnoDB: of MySQL. Please close it to get rid of this error.
260618 20:25:48  InnoDB: Operating system error number 32 in a file operation.
InnoDB: The error means that another program is using InnoDB's files.
InnoDB: This might be a backup or antivirus software or another instance
InnoDB: of MySQL. Please close it to get rid of this error.
260618 20:25:58  InnoDB: Operating system error number 32 in a file operation.
InnoDB: The error means that another program is using InnoDB's files.
InnoDB: This might be a backup or antivirus software or another instance
InnoDB: of MySQL. Please close it to get rid of this error.
260618 20:26:08  InnoDB: Operating system error number 32 in a file operation.
InnoDB: The error means that another program is using InnoDB's files.
InnoDB: This might be a backup or antivirus software or another instance
InnoDB: of MySQL. Please close it to get rid of this error.
260618 20:26:18  InnoDB: Operating system error number 32 in a file operation.
InnoDB: The error means that another program is using InnoDB's files.
InnoDB: This might be a backup or antivirus software or another instance
InnoDB: of MySQL. Please close it to get rid of this error.
260618 20:26:28  InnoDB: Operating system error number 32 in a file operation.
InnoDB: The error means that another program is using InnoDB's files.
InnoDB: This might be a backup or antivirus software or another instance
InnoDB: of MySQL. Please close it to get rid of this error.
260618 20:26:38  InnoDB: Operating system error number 32 in a file operation.
InnoDB: The error means that another program is using InnoDB's files.
InnoDB: This might be a backup or antivirus software or another instance
InnoDB: of MySQL. Please close it to get rid of this error.
260618 20:26:48  InnoDB: Operating system error number 32 in a file operation.
InnoDB: The error means that another program is using InnoDB's files.
InnoDB: This might be a backup or antivirus software or another instance
InnoDB: of MySQL. Please close it to get rid of this error.
260618 20:26:58  InnoDB: Operating system error number 32 in a file operation.
InnoDB: The error means that another program is using InnoDB's files.
InnoDB: This might be a backup or antivirus software or another instance
InnoDB: of MySQL. Please close it to get rid of this error.
260618 20:27:08  InnoDB: Operating system error number 32 in a file operation.
InnoDB: The error means that another program is using InnoDB's files.
InnoDB: This might be a backup or antivirus software or another instance
InnoDB: of MySQL. Please close it to get rid of this error.
260618 20:27:18  InnoDB: Operating system error number 32 in a file operation.
InnoDB: The error means that another program is using InnoDB's files.
InnoDB: This might be a backup or antivirus software or another instance
InnoDB: of MySQL. Please close it to get rid of this error.
260618 20:27:28  InnoDB: Operating system error number 32 in a file operation.
InnoDB: The error means that another program is using InnoDB's files.
InnoDB: This might be a backup or antivirus software or another instance
InnoDB: of MySQL. Please close it to get rid of this error.
260618 20:27:38  InnoDB: Operating system error number 32 in a file operation.
InnoDB: The error means that another program is using InnoDB's files.
InnoDB: This might be a backup or antivirus software or another instance
InnoDB: of MySQL. Please close it to get rid of this error.
260618 20:27:48  InnoDB: Operating system error number 32 in a file operation.
InnoDB: The error means that another program is using InnoDB's files.
InnoDB: This might be a backup or antivirus software or another instance
InnoDB: of MySQL. Please close it to get rid of this error.
260618 20:27:58  InnoDB: Operating system error number 32 in a file operation.
InnoDB: The error means that another program is using InnoDB's files.
InnoDB: This might be a backup or antivirus software or another instance
InnoDB: of MySQL. Please close it to get rid of this error.
260618 20:28:08  InnoDB: Operating system error number 32 in a file operation.
InnoDB: The error means that another program is using InnoDB's files.
InnoDB: This might be a backup or antivirus software or another instance
InnoDB: of MySQL. Please close it to get rid of this error.
260618 20:28:18  InnoDB: Operating system error number 32 in a file operation.
InnoDB: The error means that another program is using InnoDB's files.
InnoDB: This might be a backup or antivirus software or another instance
InnoDB: of MySQL. Please close it to get rid of this error.
260618 20:28:28  InnoDB: Operating system error number 32 in a file operation.
InnoDB: The error means that another program is using InnoDB's files.
InnoDB: This might be a backup or antivirus software or another instance
InnoDB: of MySQL. Please close it to get rid of this error.
260618 20:28:38  InnoDB: Operating system error number 32 in a file operation.
InnoDB: The error means that another program is using InnoDB's files.
InnoDB: This might be a backup or antivirus software or another instance
InnoDB: of MySQL. Please close it to get rid of this error.
260618 20:28:48  InnoDB: Operating system error number 32 in a file operation.
InnoDB: The error means that another program is using InnoDB's files.
InnoDB: This might be a backup or antivirus software or another instance
InnoDB: of MySQL. Please close it to get rid of this error.
260618 20:28:59  InnoDB: Operating system error number 32 in a file operation.
InnoDB: The error means that another program is using InnoDB's files.
InnoDB: This might be a backup or antivirus software or another instance
InnoDB: of MySQL. Please close it to get rid of this error.
260618 20:29:09  InnoDB: Operating system error number 32 in a file operation.
InnoDB: The error means that another program is using InnoDB's files.
InnoDB: This might be a backup or antivirus software or another instance
InnoDB: of MySQL. Please close it to get rid of this error.
260618 20:29:19  InnoDB: Operating system error number 32 in a file operation.
InnoDB: The error means that another program is using InnoDB's files.
InnoDB: This might be a backup or antivirus software or another instance
InnoDB: of MySQL. Please close it to get rid of this error.
260618 20:29:29  InnoDB: Operating system error number 32 in a file operation.
InnoDB: The error means that another program is using InnoDB's files.
InnoDB: This might be a backup or antivirus software or another instance
InnoDB: of MySQL. Please close it to get rid of this error.
260618 20:29:39  InnoDB: Operating system error number 32 in a file operation.
InnoDB: The error means that another program is using InnoDB's files.
InnoDB: This might be a backup or antivirus software or another instance
InnoDB: of MySQL. Please close it to get rid of this error.
260618 20:29:49  InnoDB: Operating system error number 32 in a file operation.
InnoDB: The error means that another program is using InnoDB's files.
InnoDB: This might be a backup or antivirus software or another instance
InnoDB: of MySQL. Please close it to get rid of this error.
260618 20:29:59  InnoDB: Operating system error number 32 in a file operation.
InnoDB: The error means that another program is using InnoDB's files.
InnoDB: This might be a backup or antivirus software or another instance
InnoDB: of MySQL. Please close it to get rid of this error.
260618 20:30:09  InnoDB: Operating system error number 32 in a file operation.
InnoDB: The error means that another program is using InnoDB's files.
InnoDB: This might be a backup or antivirus software or another instance
InnoDB: of MySQL. Please close it to get rid of this error.
260618 20:30:19  InnoDB: Operating system error number 32 in a file operation.
InnoDB: The error means that another program is using InnoDB's files.
InnoDB: This might be a backup or antivirus software or another instance
InnoDB: of MySQL. Please close it to get rid of this error.
260618 20:30:29  InnoDB: Operating system error number 32 in a file operation.
InnoDB: The error means that another program is using InnoDB's files.
InnoDB: This might be a backup or antivirus software or another instance
InnoDB: of MySQL. Please close it to get rid of this error.
260618 20:30:39  InnoDB: Operating system error number 32 in a file operation.
InnoDB: The error means that another program is using InnoDB's files.
InnoDB: This might be a backup or antivirus software or another instance
InnoDB: of MySQL. Please close it to get rid of this error.
260618 20:30:49  InnoDB: Operating system error number 32 in a file operation.
InnoDB: The error means that another program is using InnoDB's files.
InnoDB: This might be a backup or antivirus software or another instance
InnoDB: of MySQL. Please close it to get rid of this error.
260618 20:30:59  InnoDB: Operating system error number 32 in a file operation.
InnoDB: The error means that another program is using InnoDB's files.
InnoDB: This might be a backup or antivirus software or another instance
InnoDB: of MySQL. Please close it to get rid of this error.
260618 20:31:09  InnoDB: Operating system error number 32 in a file operation.
InnoDB: The error means that another program is using InnoDB's files.
InnoDB: This might be a backup or antivirus software or another instance
InnoDB: of MySQL. Please close it to get rid of this error.
260618 20:31:19  InnoDB: Operating system error number 32 in a file operation.
InnoDB: The error means that another program is using InnoDB's files.
InnoDB: This might be a backup or antivirus software or another instance
InnoDB: of MySQL. Please close it to get rid of this error.
260618 20:31:29  InnoDB: Operating system error number 32 in a file operation.
InnoDB: The error means that another program is using InnoDB's files.
InnoDB: This might be a backup or antivirus software or another instance
InnoDB: of MySQL. Please close it to get rid of this error.
260618 20:31:39  InnoDB: Operating system error number 32 in a file operation.
InnoDB: The error means that another program is using InnoDB's files.
InnoDB: This might be a backup or antivirus software or another instance
InnoDB: of MySQL. Please close it to get rid of this error.
260618 20:31:49  InnoDB: Operating system error number 32 in a file operation.
InnoDB: The error means that another program is using InnoDB's files.
InnoDB: This might be a backup or antivirus software or another instance
InnoDB: of MySQL. Please close it to get rid of this error.
260618 20:31:59  InnoDB: Operating system error number 32 in a file operation.
InnoDB: The error means that another program is using InnoDB's files.
InnoDB: This might be a backup or antivirus software or another instance
InnoDB: of MySQL. Please close it to get rid of this error.
260618 20:32:09  InnoDB: Operating system error number 32 in a file operation.
InnoDB: The error means that another program is using InnoDB's files.
InnoDB: This might be a backup or antivirus software or another instance
InnoDB: of MySQL. Please close it to get rid of this error.
260618 20:32:19  InnoDB: Operating system error number 32 in a file operation.
InnoDB: The error means that another program is using InnoDB's files.
InnoDB: This might be a backup or antivirus software or another instance
InnoDB: of MySQL. Please close it to get rid of this error.
260618 20:32:29  InnoDB: Operating system error number 32 in a file operation.
InnoDB: The error means that another program is using InnoDB's files.
InnoDB: This might be a backup or antivirus software or another instance
InnoDB: of MySQL. Please close it to get rid of this error.
260618 20:32:39  InnoDB: Operating system error number 32 in a file operation.
InnoDB: The error means that another program is using InnoDB's files.
InnoDB: This might be a backup or antivirus software or another instance
InnoDB: of MySQL. Please close it to get rid of this error.
260618 20:32:49  InnoDB: Operating system error number 32 in a file operation.
InnoDB: The error means that another program is using InnoDB's files.
InnoDB: This might be a backup or antivirus software or another instance
InnoDB: of MySQL. Please close it to get rid of this error.
260618 20:32:59  InnoDB: Operating system error number 32 in a file operation.
InnoDB: The error means that another program is using InnoDB's files.
InnoDB: This might be a backup or antivirus software or another instance
InnoDB: of MySQL. Please close it to get rid of this error.
260618 20:33:09  InnoDB: Operating system error number 32 in a file operation.
InnoDB: The error means that another program is using InnoDB's files.
InnoDB: This might be a backup or antivirus software or another instance
InnoDB: of MySQL. Please close it to get rid of this error.
260618 20:33:19  InnoDB: Operating system error number 32 in a file operation.
InnoDB: The error means that another program is using InnoDB's files.
InnoDB: This might be a backup or antivirus software or another instance
InnoDB: of MySQL. Please close it to get rid of this error.
260618 20:33:29  InnoDB: Operating system error number 32 in a file operation.
InnoDB: The error means that another program is using InnoDB's files.
InnoDB: This might be a backup or antivirus software or another instance
InnoDB: of MySQL. Please close it to get rid of this error.
260618 20:33:39  InnoDB: Operating system error number 32 in a file operation.
InnoDB: The error means that another program is using InnoDB's files.
InnoDB: This might be a backup or antivirus software or another instance
InnoDB: of MySQL. Please close it to get rid of this error.
260618 20:33:49  InnoDB: Operating system error number 32 in a file operation.
InnoDB: The error means that another program is using InnoDB's files.
InnoDB: This might be a backup or antivirus software or another instance
InnoDB: of MySQL. Please close it to get rid of this error.
260618 20:33:59  InnoDB: Operating system error number 32 in a file operation.
InnoDB: The error means that another program is using InnoDB's files.
InnoDB: This might be a backup or antivirus software or another instance
InnoDB: of MySQL. Please close it to get rid of this error.
260618 20:34:09  InnoDB: Operating system error number 32 in a file operation.
InnoDB: The error means that another program is using InnoDB's files.
InnoDB: This might be a backup or antivirus software or another instance
InnoDB: of MySQL. Please close it to get rid of this error.
260618 20:34:19  InnoDB: Operating system error number 32 in a file operation.
InnoDB: The error means that another program is using InnoDB's files.
InnoDB: This might be a backup or antivirus software or another instance
InnoDB: of MySQL. Please close it to get rid of this error.
260618 20:34:29  InnoDB: Operating system error number 32 in a file operation.
InnoDB: The error means that another program is using InnoDB's files.
InnoDB: This might be a backup or antivirus software or another instance
InnoDB: of MySQL. Please close it to get rid of this error.
260618 20:34:39  InnoDB: Operating system error number 32 in a file operation.
InnoDB: The error means that another program is using InnoDB's files.
InnoDB: This might be a backup or antivirus software or another instance
InnoDB: of MySQL. Please close it to get rid of this error.
260618 20:34:49  InnoDB: Operating system error number 32 in a file operation.
InnoDB: The error means that another program is using InnoDB's files.
InnoDB: This might be a backup or antivirus software or another instance
InnoDB: of MySQL. Please close it to get rid of this error.
260618 20:34:59  InnoDB: Operating system error number 32 in a file operation.
InnoDB: The error means that another program is using InnoDB's files.
InnoDB: This might be a backup or antivirus software or another instance
InnoDB: of MySQL. Please close it to get rid of this error.
260618 20:35:09  InnoDB: Operating system error number 32 in a file operation.
InnoDB: The error means that another program is using InnoDB's files.
InnoDB: This might be a backup or antivirus software or another instance
InnoDB: of MySQL. Please close it to get rid of this error.
260618 20:35:19  InnoDB: Operating system error number 32 in a file operation.
InnoDB: The error means that another program is using InnoDB's files.
InnoDB: This might be a backup or antivirus software or another instance
InnoDB: of MySQL. Please close it to get rid of this error.
260618 20:35:29  InnoDB: Operating system error number 32 in a file operation.
InnoDB: The error means that another program is using InnoDB's files.
InnoDB: This might be a backup or antivirus software or another instance
InnoDB: of MySQL. Please close it to get rid of this error.
260618 20:35:39  InnoDB: Operating system error number 32 in a file operation.
InnoDB: The error means that another program is using InnoDB's files.
InnoDB: This might be a backup or antivirus software or another instance
InnoDB: of MySQL. Please close it to get rid of this error.
260618 20:35:49  InnoDB: Operating system error number 32 in a file operation.
InnoDB: The error means that another program is using InnoDB's files.
InnoDB: This might be a backup or antivirus software or another instance
InnoDB: of MySQL. Please close it to get rid of this error.
260618 20:35:59  InnoDB: Operating system error number 32 in a file operation.
InnoDB: The error means that another program is using InnoDB's files.
InnoDB: This might be a backup or antivirus software or another instance
InnoDB: of MySQL. Please close it to get rid of this error.
260618 20:36:09  InnoDB: Operating system error number 32 in a file operation.
InnoDB: The error means that another program is using InnoDB's files.
InnoDB: This might be a backup or antivirus software or another instance
InnoDB: of MySQL. Please close it to get rid of this error.
260618 20:36:19  InnoDB: Operating system error number 32 in a file operation.
InnoDB: The error means that another program is using InnoDB's files.
InnoDB: This might be a backup or antivirus software or another instance
InnoDB: of MySQL. Please close it to get rid of this error.
260618 20:36:29  InnoDB: Operating system error number 32 in a file operation.
InnoDB: The error means that another program is using InnoDB's files.
InnoDB: This might be a backup or antivirus software or another instance
InnoDB: of MySQL. Please close it to get rid of this error.
260618 20:36:39  InnoDB: Operating system error number 32 in a file operation.
InnoDB: The error means that another program is using InnoDB's files.
InnoDB: This might be a backup or antivirus software or another instance
InnoDB: of MySQL. Please close it to get rid of this error.
260618 20:36:49  InnoDB: Operating system error number 32 in a file operation.
InnoDB: The error means that another program is using InnoDB's files.
InnoDB: This might be a backup or antivirus software or another instance
InnoDB: of MySQL. Please close it to get rid of this error.
260618 20:36:59  InnoDB: Operating system error number 32 in a file operation.
InnoDB: The error means that another program is using InnoDB's files.
InnoDB: This might be a backup or antivirus software or another instance
InnoDB: of MySQL. Please close it to get rid of this error.
260618 20:37:09  InnoDB: Operating system error number 32 in a file operation.
InnoDB: The error means that another program is using InnoDB's files.
InnoDB: This might be a backup or antivirus software or another instance
InnoDB: of MySQL. Please close it to get rid of this error.
260618 20:37:19  InnoDB: Operating system error number 32 in a file operation.
InnoDB: The error means that another program is using InnoDB's files.
InnoDB: This might be a backup or antivirus software or another instance
InnoDB: of MySQL. Please close it to get rid of this error.
260618 20:37:29  InnoDB: Operating system error number 32 in a file operation.
InnoDB: The error means that another program is using InnoDB's files.
InnoDB: This might be a backup or antivirus software or another instance
InnoDB: of MySQL. Please close it to get rid of this error.
260618 20:37:39  InnoDB: Operating system error number 32 in a file operation.
InnoDB: The error means that another program is using InnoDB's files.
InnoDB: This might be a backup or antivirus software or another instance
InnoDB: of MySQL. Please close it to get rid of this error.
260618 20:37:49  InnoDB: Operating system error number 32 in a file operation.
InnoDB: The error means that another program is using InnoDB's files.
InnoDB: This might be a backup or antivirus software or another instance
InnoDB: of MySQL. Please close it to get rid of this error.
260618 20:37:59  InnoDB: Operating system error number 32 in a file operation.
InnoDB: The error means that another program is using InnoDB's files.
InnoDB: This might be a backup or antivirus software or another instance
InnoDB: of MySQL. Please close it to get rid of this error.
260618 20:38:09  InnoDB: Operating system error number 32 in a file operation.
InnoDB: The error means that another program is using InnoDB's files.
InnoDB: This might be a backup or antivirus software or another instance
InnoDB: of MySQL. Please close it to get rid of this error.
260618 20:38:19  InnoDB: Operating system error number 32 in a file operation.
InnoDB: The error means that another program is using InnoDB's files.
InnoDB: This might be a backup or antivirus software or another instance
InnoDB: of MySQL. Please close it to get rid of this error.
260618 20:38:29  InnoDB: Operating system error number 32 in a file operation.
InnoDB: The error means that another program is using InnoDB's files.
InnoDB: This might be a backup or antivirus software or another instance
InnoDB: of MySQL. Please close it to get rid of this error.
260618 20:38:39  InnoDB: Operating system error number 32 in a file operation.
InnoDB: The error means that another program is using InnoDB's files.
InnoDB: This might be a backup or antivirus software or another instance
InnoDB: of MySQL. Please close it to get rid of this error.
260618 20:38:49  InnoDB: Operating system error number 32 in a file operation.
InnoDB: The error means that another program is using InnoDB's files.
InnoDB: This might be a backup or antivirus software or another instance
InnoDB: of MySQL. Please close it to get rid of this error.
260618 20:38:59  InnoDB: Operating system error number 32 in a file operation.
InnoDB: The error means that another program is using InnoDB's files.
InnoDB: This might be a backup or antivirus software or another instance
InnoDB: of MySQL. Please close it to get rid of this error.
260618 20:39:09  InnoDB: Operating system error number 32 in a file operation.
InnoDB: The error means that another program is using InnoDB's files.
InnoDB: This might be a backup or antivirus software or another instance
InnoDB: of MySQL. Please close it to get rid of this error.
260618 20:39:19  InnoDB: Operating system error number 32 in a file operation.
InnoDB: The error means that another program is using InnoDB's files.
InnoDB: This might be a backup or antivirus software or another instance
InnoDB: of MySQL. Please close it to get rid of this error.
260618 20:39:29  InnoDB: Operating system error number 32 in a file operation.
InnoDB: The error means that another program is using InnoDB's files.
InnoDB: This might be a backup or antivirus software or another instance
InnoDB: of MySQL. Please close it to get rid of this error.
260618 20:39:39  InnoDB: Operating system error number 32 in a file operation.
InnoDB: The error means that another program is using InnoDB's files.
InnoDB: This might be a backup or antivirus software or another instance
InnoDB: of MySQL. Please close it to get rid of this error.
260618 20:39:49  InnoDB: Operating system error number 32 in a file operation.
InnoDB: The error means that another program is using InnoDB's files.
InnoDB: This might be a backup or antivirus software or another instance
InnoDB: of MySQL. Please close it to get rid of this error.
260618 20:39:59  InnoDB: Operating system error number 32 in a file operation.
InnoDB: The error means that another program is using InnoDB's files.
InnoDB: This might be a backup or antivirus software or another instance
InnoDB: of MySQL. Please close it to get rid of this error.
260618 20:40:09  InnoDB: Operating system error number 32 in a file operation.
InnoDB: The error means that another program is using InnoDB's files.
InnoDB: This might be a backup or antivirus software or another instance
InnoDB: of MySQL. Please close it to get rid of this error.
260618 20:40:19  InnoDB: Operating system error number 32 in a file operation.
InnoDB: The error means that another program is using InnoDB's files.
InnoDB: This might be a backup or antivirus software or another instance
InnoDB: of MySQL. Please close it to get rid of this error.
260618 20:40:29  InnoDB: Operating system error number 32 in a file operation.
InnoDB: The error means that another program is using InnoDB's files.
InnoDB: This might be a backup or antivirus software or another instance
InnoDB: of MySQL. Please close it to get rid of this error.
260618 20:40:39  InnoDB: Operating system error number 32 in a file operation.
InnoDB: The error means that another program is using InnoDB's files.
InnoDB: This might be a backup or antivirus software or another instance
InnoDB: of MySQL. Please close it to get rid of this error.
260618 20:40:50  InnoDB: Operating system error number 32 in a file operation.
InnoDB: The error means that another program is using InnoDB's files.
InnoDB: This might be a backup or antivirus software or another instance
InnoDB: of MySQL. Please close it to get rid of this error.
260618 20:41:00  InnoDB: Operating system error number 32 in a file operation.
InnoDB: The error means that another program is using InnoDB's files.
InnoDB: This might be a backup or antivirus software or another instance
InnoDB: of MySQL. Please close it to get rid of this error.
260618 20:41:10  InnoDB: Operating system error number 32 in a file operation.
InnoDB: The error means that another program is using InnoDB's files.
InnoDB: This might be a backup or antivirus software or another instance
InnoDB: of MySQL. Please close it to get rid of this error.
260618 20:41:20  InnoDB: Operating system error number 32 in a file operation.
InnoDB: The error means that another program is using InnoDB's files.
InnoDB: This might be a backup or antivirus software or another instance
InnoDB: of MySQL. Please close it to get rid of this error.
260618 20:41:30  InnoDB: Operating system error number 32 in a file operation.
InnoDB: The error means that another program is using InnoDB's files.
InnoDB: This might be a backup or antivirus software or another instance
InnoDB: of MySQL. Please close it to get rid of this error.
260618 20:41:40  InnoDB: Operating system error number 32 in a file operation.
InnoDB: The error means that another program is using InnoDB's files.
InnoDB: This might be a backup or antivirus software or another instance
InnoDB: of MySQL. Please close it to get rid of this error.
260618 20:41:50  InnoDB: Operating system error number 32 in a file operation.
InnoDB: The error means that another program is using InnoDB's files.
InnoDB: This might be a backup or antivirus software or another instance
InnoDB: of MySQL. Please close it to get rid of this error.
260618 20:42:00  InnoDB: Operating system error number 32 in a file operation.
InnoDB: The error means that another program is using InnoDB's files.
InnoDB: This might be a backup or antivirus software or another instance
InnoDB: of MySQL. Please close it to get rid of this error.
260618 20:42:10  InnoDB: Operating system error number 32 in a file operation.
InnoDB: The error means that another program is using InnoDB's files.
InnoDB: This might be a backup or antivirus software or another instance
InnoDB: of MySQL. Please close it to get rid of this error.
260618 20:42:20  InnoDB: Operating system error number 32 in a file operation.
InnoDB: The error means that another program is using InnoDB's files.
InnoDB: This might be a backup or antivirus software or another instance
InnoDB: of MySQL. Please close it to get rid of this error.
260618 20:42:30  InnoDB: Operating system error number 32 in a file operation.
InnoDB: The error means that another program is using InnoDB's files.
InnoDB: This might be a backup or antivirus software or another instance
InnoDB: of MySQL. Please close it to get rid of this error.
260618 20:42:40  InnoDB: Operating system error number 32 in a file operation.
InnoDB: The error means that another program is using InnoDB's files.
InnoDB: This might be a backup or antivirus software or another instance
InnoDB: of MySQL. Please close it to get rid of this error.
260618 20:42:50  InnoDB: Operating system error number 32 in a file operation.
InnoDB: The error means that another program is using InnoDB's files.
InnoDB: This might be a backup or antivirus software or another instance
InnoDB: of MySQL. Please close it to get rid of this error.
260618 20:43:00  InnoDB: Operating system error number 32 in a file operation.
InnoDB: The error means that another program is using InnoDB's files.
InnoDB: This might be a backup or antivirus software or another instance
InnoDB: of MySQL. Please close it to get rid of this error.
260618 20:43:10  InnoDB: Operating system error number 32 in a file operation.
InnoDB: The error means that another program is using InnoDB's files.
InnoDB: This might be a backup or antivirus software or another instance
InnoDB: of MySQL. Please close it to get rid of this error.
260618 20:43:20  InnoDB: Operating system error number 32 in a file operation.
InnoDB: The error means that another program is using InnoDB's files.
InnoDB: This might be a backup or antivirus software or another instance
InnoDB: of MySQL. Please close it to get rid of this error.
260618 20:43:30  InnoDB: Operating system error number 32 in a file operation.
InnoDB: The error means that another program is using InnoDB's files.
InnoDB: This might be a backup or antivirus software or another instance
InnoDB: of MySQL. Please close it to get rid of this error.
260618 20:43:40  InnoDB: Operating system error number 32 in a file operation.
InnoDB: The error means that another program is using InnoDB's files.
InnoDB: This might be a backup or antivirus software or another instance
InnoDB: of MySQL. Please close it to get rid of this error.
260618 20:43:50  InnoDB: Operating system error number 32 in a file operation.
InnoDB: The error means that another program is using InnoDB's files.
InnoDB: This might be a backup or antivirus software or another instance
InnoDB: of MySQL. Please close it to get rid of this error.
260618 20:44:00  InnoDB: Operating system error number 32 in a file operation.
InnoDB: The error means that another program is using InnoDB's files.
InnoDB: This might be a backup or antivirus software or another instance
InnoDB: of MySQL. Please close it to get rid of this error.
260618 20:44:10  InnoDB: Operating system error number 32 in a file operation.
InnoDB: The error means that another program is using InnoDB's files.
InnoDB: This might be a backup or antivirus software or another instance
InnoDB: of MySQL. Please close it to get rid of this error.
260618 20:44:20  InnoDB: Operating system error number 32 in a file operation.
InnoDB: The error means that another program is using InnoDB's files.
InnoDB: This might be a backup or antivirus software or another instance
InnoDB: of MySQL. Please close it to get rid of this error.
260618 20:44:30  InnoDB: Operating system error number 32 in a file operation.
InnoDB: The error means that another program is using InnoDB's files.
InnoDB: This might be a backup or antivirus software or another instance
InnoDB: of MySQL. Please close it to get rid of this error.
260618 20:44:40  InnoDB: Operating system error number 32 in a file operation.
InnoDB: The error means that another program is using InnoDB's files.
InnoDB: This might be a backup or antivirus software or another instance
InnoDB: of MySQL. Please close it to get rid of this error.
260618 20:44:50  InnoDB: Operating system error number 32 in a file operation.
InnoDB: The error means that another program is using InnoDB's files.
InnoDB: This might be a backup or antivirus software or another instance
InnoDB: of MySQL. Please close it to get rid of this error.
260618 20:45:00  InnoDB: Operating system error number 32 in a file operation.
InnoDB: The error means that another program is using InnoDB's files.
InnoDB: This might be a backup or antivirus software or another instance
InnoDB: of MySQL. Please close it to get rid of this error.
260618 20:45:10  InnoDB: Operating system error number 32 in a file operation.
InnoDB: The error means that another program is using InnoDB's files.
InnoDB: This might be a backup or antivirus software or another instance
InnoDB: of MySQL. Please close it to get rid of this error.
260618 20:45:20  InnoDB: Operating system error number 32 in a file operation.
InnoDB: The error means that another program is using InnoDB's files.
InnoDB: This might be a backup or antivirus software or another instance
InnoDB: of MySQL. Please close it to get rid of this error.
260618 20:45:30  InnoDB: Operating system error number 32 in a file operation.
InnoDB: The error means that another program is using InnoDB's files.
InnoDB: This might be a backup or antivirus software or another instance
InnoDB: of MySQL. Please close it to get rid of this error.
260618 20:45:40  InnoDB: Operating system error number 32 in a file operation.
InnoDB: The error means that another program is using InnoDB's files.
InnoDB: This might be a backup or antivirus software or another instance
InnoDB: of MySQL. Please close it to get rid of this error.
260618 20:45:50  InnoDB: Operating system error number 32 in a file operation.
InnoDB: The error means that another program is using InnoDB's files.
InnoDB: This might be a backup or antivirus software or another instance
InnoDB: of MySQL. Please close it to get rid of this error.
260618 20:46:00  InnoDB: Operating system error number 32 in a file operation.
InnoDB: The error means that another program is using InnoDB's files.
InnoDB: This might be a backup or antivirus software or another instance
InnoDB: of MySQL. Please close it to get rid of this error.
260618 20:46:10  InnoDB: Operating system error number 32 in a file operation.
InnoDB: The error means that another program is using InnoDB's files.
InnoDB: This might be a backup or antivirus software or another instance
InnoDB: of MySQL. Please close it to get rid of this error.
260618 20:46:20  InnoDB: Operating system error number 32 in a file operation.
InnoDB: The error means that another program is using InnoDB's files.
InnoDB: This might be a backup or antivirus software or another instance
InnoDB: of MySQL. Please close it to get rid of this error.
260618 20:46:30  InnoDB: Operating system error number 32 in a file operation.
InnoDB: The error means that another program is using InnoDB's files.
InnoDB: This might be a backup or antivirus software or another instance
InnoDB: of MySQL. Please close it to get rid of this error.
260618 20:46:40  InnoDB: Operating system error number 32 in a file operation.
InnoDB: The error means that another program is using InnoDB's files.
InnoDB: This might be a backup or antivirus software or another instance
InnoDB: of MySQL. Please close it to get rid of this error.
260618 20:46:50  InnoDB: Operating system error number 32 in a file operation.
InnoDB: The error means that another program is using InnoDB's files.
InnoDB: This might be a backup or antivirus software or another instance
InnoDB: of MySQL. Please close it to get rid of this error.
260618 20:47:00  InnoDB: Operating system error number 32 in a file operation.
InnoDB: The error means that another program is using InnoDB's files.
InnoDB: This might be a backup or antivirus software or another instance
InnoDB: of MySQL. Please close it to get rid of this error.
260618 20:47:10  InnoDB: Operating system error number 32 in a file operation.
InnoDB: The error means that another program is using InnoDB's files.
InnoDB: This might be a backup or antivirus software or another instance
InnoDB: of MySQL. Please close it to get rid of this error.
260618 20:47:20  InnoDB: Operating system error number 32 in a file operation.
InnoDB: The error means that another program is using InnoDB's files.
InnoDB: This might be a backup or antivirus software or another instance
InnoDB: of MySQL. Please close it to get rid of this error.
260618 20:47:30  InnoDB: Operating system error number 32 in a file operation.
InnoDB: The error means that another program is using InnoDB's files.
InnoDB: This might be a backup or antivirus software or another instance
InnoDB: of MySQL. Please close it to get rid of this error.
260618 20:47:40  InnoDB: Operating system error number 32 in a file operation.
InnoDB: The error means that another program is using InnoDB's files.
InnoDB: This might be a backup or antivirus software or another instance
InnoDB: of MySQL. Please close it to get rid of this error.
260618 20:47:50  InnoDB: Operating system error number 32 in a file operation.
InnoDB: The error means that another program is using InnoDB's files.
InnoDB: This might be a backup or antivirus software or another instance
InnoDB: of MySQL. Please close it to get rid of this error.
260618 20:48:00  InnoDB: Operating system error number 32 in a file operation.
InnoDB: The error means that another program is using InnoDB's files.
InnoDB: This might be a backup or antivirus software or another instance
InnoDB: of MySQL. Please close it to get rid of this error.
260618 20:48:10  InnoDB: Operating system error number 32 in a file operation.
InnoDB: The error means that another program is using InnoDB's files.
InnoDB: This might be a backup or antivirus software or another instance
InnoDB: of MySQL. Please close it to get rid of this error.
260618 20:48:20  InnoDB: Operating system error number 32 in a file operation.
InnoDB: The error means that another program is using InnoDB's files.
InnoDB: This might be a backup or antivirus software or another instance
InnoDB: of MySQL. Please close it to get rid of this error.
260618 20:48:30  InnoDB: Operating system error number 32 in a file operation.
InnoDB: The error means that another program is using InnoDB's files.
InnoDB: This might be a backup or antivirus software or another instance
InnoDB: of MySQL. Please close it to get rid of this error.
260618 20:48:40  InnoDB: Operating system error number 32 in a file operation.
InnoDB: The error means that another program is using InnoDB's files.
InnoDB: This might be a backup or antivirus software or another instance
InnoDB: of MySQL. Please close it to get rid of this error.
260618 20:48:50  InnoDB: Operating system error number 32 in a file operation.
InnoDB: The error means that another program is using InnoDB's files.
InnoDB: This might be a backup or antivirus software or another instance
InnoDB: of MySQL. Please close it to get rid of this error.
260618 20:49:00  InnoDB: Operating system error number 32 in a file operation.
InnoDB: The error means that another program is using InnoDB's files.
InnoDB: This might be a backup or antivirus software or another instance
InnoDB: of MySQL. Please close it to get rid of this error.
260618 20:49:10  InnoDB: Operating system error number 32 in a file operation.
InnoDB: The error means that another program is using InnoDB's files.
InnoDB: This might be a backup or antivirus software or another instance
InnoDB: of MySQL. Please close it to get rid of this error.
260618 20:49:20  InnoDB: Operating system error number 32 in a file operation.
InnoDB: The error means that another program is using InnoDB's files.
InnoDB: This might be a backup or antivirus software or another instance
InnoDB: of MySQL. Please close it to get rid of this error.
260618 20:49:30  InnoDB: Operating system error number 32 in a file operation.
InnoDB: The error means that another program is using InnoDB's files.
InnoDB: This might be a backup or antivirus software or another instance
InnoDB: of MySQL. Please close it to get rid of this error.
260618 20:49:40  InnoDB: Operating system error number 32 in a file operation.
InnoDB: The error means that another program is using InnoDB's files.
InnoDB: This might be a backup or antivirus software or another instance
InnoDB: of MySQL. Please close it to get rid of this error.
260618 20:49:50  InnoDB: Operating system error number 32 in a file operation.
InnoDB: The error means that another program is using InnoDB's files.
InnoDB: This might be a backup or antivirus software or another instance
InnoDB: of MySQL. Please close it to get rid of this error.
260618 20:50:00  InnoDB: Operating system error number 32 in a file operation.
InnoDB: The error means that another program is using InnoDB's files.
InnoDB: This might be a backup or antivirus software or another instance
InnoDB: of MySQL. Please close it to get rid of this error.
260618 20:50:10  InnoDB: Operating system error number 32 in a file operation.
InnoDB: The error means that another program is using InnoDB's files.
InnoDB: This might be a backup or antivirus software or another instance
InnoDB: of MySQL. Please close it to get rid of this error.
260618 20:50:20  InnoDB: Operating system error number 32 in a file operation.
InnoDB: The error means that another program is using InnoDB's files.
InnoDB: This might be a backup or antivirus software or another instance
InnoDB: of MySQL. Please close it to get rid of this error.
260618 20:50:30  InnoDB: Operating system error number 32 in a file operation.
InnoDB: The error means that another program is using InnoDB's files.
InnoDB: This might be a backup or antivirus software or another instance
InnoDB: of MySQL. Please close it to get rid of this error.
260618 20:50:40  InnoDB: Operating system error number 32 in a file operation.
InnoDB: The error means that another program is using InnoDB's files.
InnoDB: This might be a backup or antivirus software or another instance
InnoDB: of MySQL. Please close it to get rid of this error.
260618 20:50:50  InnoDB: Operating system error number 32 in a file operation.
InnoDB: The error means that another program is using InnoDB's files.
InnoDB: This might be a backup or antivirus software or another instance
InnoDB: of MySQL. Please close it to get rid of this error.
260618 20:51:00  InnoDB: Operating system error number 32 in a file operation.
InnoDB: The error means that another program is using InnoDB's files.
InnoDB: This might be a backup or antivirus software or another instance
InnoDB: of MySQL. Please close it to get rid of this error.
260618 20:51:10  InnoDB: Operating system error number 32 in a file operation.
InnoDB: The error means that another program is using InnoDB's files.
InnoDB: This might be a backup or antivirus software or another instance
InnoDB: of MySQL. Please close it to get rid of this error.
260618 20:51:21  InnoDB: Operating system error number 32 in a file operation.
InnoDB: The error means that another program is using InnoDB's files.
InnoDB: This might be a backup or antivirus software or another instance
InnoDB: of MySQL. Please close it to get rid of this error.
260618 20:51:31  InnoDB: Operating system error number 32 in a file operation.
InnoDB: The error means that another program is using InnoDB's files.
InnoDB: This might be a backup or antivirus software or another instance
InnoDB: of MySQL. Please close it to get rid of this error.
260618 20:51:41  InnoDB: Operating system error number 32 in a file operation.
InnoDB: The error means that another program is using InnoDB's files.
InnoDB: This might be a backup or antivirus software or another instance
InnoDB: of MySQL. Please close it to get rid of this error.
260618 20:51:51  InnoDB: Operating system error number 32 in a file operation.
InnoDB: The error means that another program is using InnoDB's files.
InnoDB: This might be a backup or antivirus software or another instance
InnoDB: of MySQL. Please close it to get rid of this error.
260618 20:52:01  InnoDB: Operating system error number 32 in a file operation.
InnoDB: The error means that another program is using InnoDB's files.
InnoDB: This might be a backup or antivirus software or another instance
InnoDB: of MySQL. Please close it to get rid of this error.
260618 20:52:11  InnoDB: Operating system error number 32 in a file operation.
InnoDB: The error means that another program is using InnoDB's files.
InnoDB: This might be a backup or antivirus software or another instance
InnoDB: of MySQL. Please close it to get rid of this error.
260618 20:52:21  InnoDB: Operating system error number 32 in a file operation.
InnoDB: The error means that another program is using InnoDB's files.
InnoDB: This might be a backup or antivirus software or another instance
InnoDB: of MySQL. Please close it to get rid of this error.
260618 20:52:31  InnoDB: Operating system error number 32 in a file operation.
InnoDB: The error means that another program is using InnoDB's files.
InnoDB: This might be a backup or antivirus software or another instance
InnoDB: of MySQL. Please close it to get rid of this error.
260618 20:52:41  InnoDB: Operating system error number 32 in a file operation.
InnoDB: The error means that another program is using InnoDB's files.
InnoDB: This might be a backup or antivirus software or another instance
InnoDB: of MySQL. Please close it to get rid of this error.
260618 20:52:51  InnoDB: Operating system error number 32 in a file operation.
InnoDB: The error means that another program is using InnoDB's files.
InnoDB: This might be a backup or antivirus software or another instance
InnoDB: of MySQL. Please close it to get rid of this error.
260618 20:53:01  InnoDB: Operating system error number 32 in a file operation.
InnoDB: The error means that another program is using InnoDB's files.
InnoDB: This might be a backup or antivirus software or another instance
InnoDB: of MySQL. Please close it to get rid of this error.
260618 20:53:11  InnoDB: Operating system error number 32 in a file operation.
InnoDB: The error means that another program is using InnoDB's files.
InnoDB: This might be a backup or antivirus software or another instance
InnoDB: of MySQL. Please close it to get rid of this error.
260618 20:53:21  InnoDB: Operating system error number 32 in a file operation.
InnoDB: The error means that another program is using InnoDB's files.
InnoDB: This might be a backup or antivirus software or another instance
InnoDB: of MySQL. Please close it to get rid of this error.
260618 20:53:31  InnoDB: Operating system error number 32 in a file operation.
InnoDB: The error means that another program is using InnoDB's files.
InnoDB: This might be a backup or antivirus software or another instance
InnoDB: of MySQL. Please close it to get rid of this error.
260618 20:53:41  InnoDB: Operating system error number 32 in a file operation.
InnoDB: The error means that another program is using InnoDB's files.
InnoDB: This might be a backup or antivirus software or another instance
InnoDB: of MySQL. Please close it to get rid of this error.
260618 20:53:51  InnoDB: Operating system error number 32 in a file operation.
InnoDB: The error means that another program is using InnoDB's files.
InnoDB: This might be a backup or antivirus software or another instance
InnoDB: of MySQL. Please close it to get rid of this error.
260618 20:54:01  InnoDB: Operating system error number 32 in a file operation.
InnoDB: The error means that another program is using InnoDB's files.
InnoDB: This might be a backup or antivirus software or another instance
InnoDB: of MySQL. Please close it to get rid of this error.
260618 20:54:11  InnoDB: Operating system error number 32 in a file operation.
InnoDB: The error means that another program is using InnoDB's files.
InnoDB: This might be a backup or antivirus software or another instance
InnoDB: of MySQL. Please close it to get rid of this error.
260618 20:54:21  InnoDB: Operating system error number 32 in a file operation.
InnoDB: The error means that another program is using InnoDB's files.
InnoDB: This might be a backup or antivirus software or another instance
InnoDB: of MySQL. Please close it to get rid of this error.
260618 20:54:31  InnoDB: Operating system error number 32 in a file operation.
InnoDB: The error means that another program is using InnoDB's files.
InnoDB: This might be a backup or antivirus software or another instance
InnoDB: of MySQL. Please close it to get rid of this error.
260618 20:54:41  InnoDB: Operating system error number 32 in a file operation.
InnoDB: The error means that another program is using InnoDB's files.
InnoDB: This might be a backup or antivirus software or another instance
InnoDB: of MySQL. Please close it to get rid of this error.
260618 20:54:51  InnoDB: Operating system error number 32 in a file operation.
InnoDB: The error means that another program is using InnoDB's files.
InnoDB: This might be a backup or antivirus software or another instance
InnoDB: of MySQL. Please close it to get rid of this error.
260618 20:55:01  InnoDB: Operating system error number 32 in a file operation.
InnoDB: The error means that another program is using InnoDB's files.
InnoDB: This might be a backup or antivirus software or another instance
InnoDB: of MySQL. Please close it to get rid of this error.
260618 20:55:11  InnoDB: Operating system error number 32 in a file operation.
InnoDB: The error means that another program is using InnoDB's files.
InnoDB: This might be a backup or antivirus software or another instance
InnoDB: of MySQL. Please close it to get rid of this error.
260618 20:55:21  InnoDB: Operating system error number 32 in a file operation.
InnoDB: The error means that another program is using InnoDB's files.
InnoDB: This might be a backup or antivirus software or another instance
InnoDB: of MySQL. Please close it to get rid of this error.
260618 20:55:31  InnoDB: Operating system error number 32 in a file operation.
InnoDB: The error means that another program is using InnoDB's files.
InnoDB: This might be a backup or antivirus software or another instance
InnoDB: of MySQL. Please close it to get rid of this error.
260618 20:55:41  InnoDB: Operating system error number 32 in a file operation.
InnoDB: The error means that another program is using InnoDB's files.
InnoDB: This might be a backup or antivirus software or another instance
InnoDB: of MySQL. Please close it to get rid of this error.
260618 20:55:51  InnoDB: Operating system error number 32 in a file operation.
InnoDB: The error means that another program is using InnoDB's files.
InnoDB: This might be a backup or antivirus software or another instance
InnoDB: of MySQL. Please close it to get rid of this error.
260618 20:56:01  InnoDB: Operating system error number 32 in a file operation.
InnoDB: The error means that another program is using InnoDB's files.
InnoDB: This might be a backup or antivirus software or another instance
InnoDB: of MySQL. Please close it to get rid of this error.
260618 20:56:11  InnoDB: Operating system error number 32 in a file operation.
InnoDB: The error means that another program is using InnoDB's files.
InnoDB: This might be a backup or antivirus software or another instance
InnoDB: of MySQL. Please close it to get rid of this error.
260618 20:56:21  InnoDB: Operating system error number 32 in a file operation.
InnoDB: The error means that another program is using InnoDB's files.
InnoDB: This might be a backup or antivirus software or another instance
InnoDB: of MySQL. Please close it to get rid of this error.
260618 20:56:31  InnoDB: Operating system error number 32 in a file operation.
InnoDB: The error means that another program is using InnoDB's files.
InnoDB: This might be a backup or antivirus software or another instance
InnoDB: of MySQL. Please close it to get rid of this error.
260618 20:56:41  InnoDB: Operating system error number 32 in a file operation.
InnoDB: The error means that another program is using InnoDB's files.
InnoDB: This might be a backup or antivirus software or another instance
InnoDB: of MySQL. Please close it to get rid of this error.
260618 20:56:51  InnoDB: Operating system error number 32 in a file operation.
InnoDB: The error means that another program is using InnoDB's files.
InnoDB: This might be a backup or antivirus software or another instance
InnoDB: of MySQL. Please close it to get rid of this error.
260618 20:57:01  InnoDB: Operating system error number 32 in a file operation.
InnoDB: The error means that another program is using InnoDB's files.
InnoDB: This might be a backup or antivirus software or another instance
InnoDB: of MySQL. Please close it to get rid of this error.
260618 20:57:11  InnoDB: Operating system error number 32 in a file operation.
InnoDB: The error means that another program is using InnoDB's files.
InnoDB: This might be a backup or antivirus software or another instance
InnoDB: of MySQL. Please close it to get rid of this error.
260618 20:57:21  InnoDB: Operating system error number 32 in a file operation.
InnoDB: The error means that another program is using InnoDB's files.
InnoDB: This might be a backup or antivirus software or another instance
InnoDB: of MySQL. Please close it to get rid of this error.
260618 20:57:31  InnoDB: Operating system error number 32 in a file operation.
InnoDB: The error means that another program is using InnoDB's files.
InnoDB: This might be a backup or antivirus software or another instance
InnoDB: of MySQL. Please close it to get rid of this error.
260618 20:57:41  InnoDB: Operating system error number 32 in a file operation.
InnoDB: The error means that another program is using InnoDB's files.
InnoDB: This might be a backup or antivirus software or another instance
InnoDB: of MySQL. Please close it to get rid of this error.
260618 20:57:51  InnoDB: Operating system error number 32 in a file operation.
InnoDB: The error means that another program is using InnoDB's files.
InnoDB: This might be a backup or antivirus software or another instance
InnoDB: of MySQL. Please close it to get rid of this error.
260618 20:58:01  InnoDB: Operating system error number 32 in a file operation.
InnoDB: The error means that another program is using InnoDB's files.
InnoDB: This might be a backup or antivirus software or another instance
InnoDB: of MySQL. Please close it to get rid of this error.
260618 20:58:11  InnoDB: Operating system error number 32 in a file operation.
InnoDB: The error means that another program is using InnoDB's files.
InnoDB: This might be a backup or antivirus software or another instance
InnoDB: of MySQL. Please close it to get rid of this error.
260618 20:58:21  InnoDB: Operating system error number 32 in a file operation.
InnoDB: The error means that another program is using InnoDB's files.
InnoDB: This might be a backup or antivirus software or another instance
InnoDB: of MySQL. Please close it to get rid of this error.
260618 20:58:31  InnoDB: Operating system error number 32 in a file operation.
InnoDB: The error means that another program is using InnoDB's files.
InnoDB: This might be a backup or antivirus software or another instance
InnoDB: of MySQL. Please close it to get rid of this error.
260618 20:58:41  InnoDB: Operating system error number 32 in a file operation.
InnoDB: The error means that another program is using InnoDB's files.
InnoDB: This might be a backup or antivirus software or another instance
InnoDB: of MySQL. Please close it to get rid of this error.
260618 20:58:51  InnoDB: Operating system error number 32 in a file operation.
InnoDB: The error means that another program is using InnoDB's files.
InnoDB: This might be a backup or antivirus software or another instance
InnoDB: of MySQL. Please close it to get rid of this error.
260618 20:59:01  InnoDB: Operating system error number 32 in a file operation.
InnoDB: The error means that another program is using InnoDB's files.
InnoDB: This might be a backup or antivirus software or another instance
InnoDB: of MySQL. Please close it to get rid of this error.
260618 20:59:11  InnoDB: Operating system error number 32 in a file operation.
InnoDB: The error means that another program is using InnoDB's files.
InnoDB: This might be a backup or antivirus software or another instance
InnoDB: of MySQL. Please close it to get rid of this error.
260618 20:59:21  InnoDB: Operating system error number 32 in a file operation.
InnoDB: The error means that another program is using InnoDB's files.
InnoDB: This might be a backup or antivirus software or another instance
InnoDB: of MySQL. Please close it to get rid of this error.
260618 20:59:31  InnoDB: Operating system error number 32 in a file operation.
InnoDB: The error means that another program is using InnoDB's files.
InnoDB: This might be a backup or antivirus software or another instance
InnoDB: of MySQL. Please close it to get rid of this error.
260618 20:59:41  InnoDB: Operating system error number 32 in a file operation.
InnoDB: The error means that another program is using InnoDB's files.
InnoDB: This might be a backup or antivirus software or another instance
InnoDB: of MySQL. Please close it to get rid of this error.
260618 20:59:51  InnoDB: Operating system error number 32 in a file operation.
InnoDB: The error means that another program is using InnoDB's files.
InnoDB: This might be a backup or antivirus software or another instance
InnoDB: of MySQL. Please close it to get rid of this error.
260618 21:00:01  InnoDB: Operating system error number 32 in a file operation.
InnoDB: The error means that another program is using InnoDB's files.
InnoDB: This might be a backup or antivirus software or another instance
InnoDB: of MySQL. Please close it to get rid of this error.
260618 21:00:11  InnoDB: Operating system error number 32 in a file operation.
InnoDB: The error means that another program is using InnoDB's files.
InnoDB: This might be a backup or antivirus software or another instance
InnoDB: of MySQL. Please close it to get rid of this error.
260618 21:00:21  InnoDB: Operating system error number 32 in a file operation.
InnoDB: The error means that another program is using InnoDB's files.
InnoDB: This might be a backup or antivirus software or another instance
InnoDB: of MySQL. Please close it to get rid of this error.
260618 21:00:31  InnoDB: Operating system error number 32 in a file operation.
InnoDB: The error means that another program is using InnoDB's files.
InnoDB: This might be a backup or antivirus software or another instance
InnoDB: of MySQL. Please close it to get rid of this error.
260618 21:00:41  InnoDB: Operating system error number 32 in a file operation.
InnoDB: The error means that another program is using InnoDB's files.
InnoDB: This might be a backup or antivirus software or another instance
InnoDB: of MySQL. Please close it to get rid of this error.
260618 21:00:51  InnoDB: Operating system error number 32 in a file operation.
InnoDB: The error means that another program is using InnoDB's files.
InnoDB: This might be a backup or antivirus software or another instance
InnoDB: of MySQL. Please close it to get rid of this error.
260618 21:01:01  InnoDB: Operating system error number 32 in a file operation.
InnoDB: The error means that another program is using InnoDB's files.
InnoDB: This might be a backup or antivirus software or another instance
InnoDB: of MySQL. Please close it to get rid of this error.
260618 21:01:11  InnoDB: Operating system error number 32 in a file operation.
InnoDB: The error means that another program is using InnoDB's files.
InnoDB: This might be a backup or antivirus software or another instance
InnoDB: of MySQL. Please close it to get rid of this error.
260618 21:01:21  InnoDB: Operating system error number 32 in a file operation.
InnoDB: The error means that another program is using InnoDB's files.
InnoDB: This might be a backup or antivirus software or another instance
InnoDB: of MySQL. Please close it to get rid of this error.
260618 21:01:31  InnoDB: Operating system error number 32 in a file operation.
InnoDB: The error means that another program is using InnoDB's files.
InnoDB: This might be a backup or antivirus software or another instance
InnoDB: of MySQL. Please close it to get rid of this error.
260618 21:01:41  InnoDB: Operating system error number 32 in a file operation.
InnoDB: The error means that another program is using InnoDB's files.
InnoDB: This might be a backup or antivirus software or another instance
InnoDB: of MySQL. Please close it to get rid of this error.
260618 21:01:52  InnoDB: Operating system error number 32 in a file operation.
InnoDB: The error means that another program is using InnoDB's files.
InnoDB: This might be a backup or antivirus software or another instance
InnoDB: of MySQL. Please close it to get rid of this error.
260618 21:02:02  InnoDB: Operating system error number 32 in a file operation.
InnoDB: The error means that another program is using InnoDB's files.
InnoDB: This might be a backup or antivirus software or another instance
InnoDB: of MySQL. Please close it to get rid of this error.
260618 21:02:12  InnoDB: Operating system error number 32 in a file operation.
InnoDB: The error means that another program is using InnoDB's files.
InnoDB: This might be a backup or antivirus software or another instance
InnoDB: of MySQL. Please close it to get rid of this error.
260618 21:02:22  InnoDB: Operating system error number 32 in a file operation.
InnoDB: The error means that another program is using InnoDB's files.
InnoDB: This might be a backup or antivirus software or another instance
InnoDB: of MySQL. Please close it to get rid of this error.
260618 21:02:32  InnoDB: Operating system error number 32 in a file operation.
InnoDB: The error means that another program is using InnoDB's files.
InnoDB: This might be a backup or antivirus software or another instance
InnoDB: of MySQL. Please close it to get rid of this error.
260618 21:02:42  InnoDB: Operating system error number 32 in a file operation.
InnoDB: The error means that another program is using InnoDB's files.
InnoDB: This might be a backup or antivirus software or another instance
InnoDB: of MySQL. Please close it to get rid of this error.
260618 21:02:52  InnoDB: Operating system error number 32 in a file operation.
InnoDB: The error means that another program is using InnoDB's files.
InnoDB: This might be a backup or antivirus software or another instance
InnoDB: of MySQL. Please close it to get rid of this error.
260618 21:03:02  InnoDB: Operating system error number 32 in a file operation.
InnoDB: The error means that another program is using InnoDB's files.
InnoDB: This might be a backup or antivirus software or another instance
InnoDB: of MySQL. Please close it to get rid of this error.
260618 21:03:12  InnoDB: Operating system error number 32 in a file operation.
InnoDB: The error means that another program is using InnoDB's files.
InnoDB: This might be a backup or antivirus software or another instance
InnoDB: of MySQL. Please close it to get rid of this error.
260618 21:03:22  InnoDB: Operating system error number 32 in a file operation.
InnoDB: The error means that another program is using InnoDB's files.
InnoDB: This might be a backup or antivirus software or another instance
InnoDB: of MySQL. Please close it to get rid of this error.
260618 21:03:32  InnoDB: Operating system error number 32 in a file operation.
InnoDB: The error means that another program is using InnoDB's files.
InnoDB: This might be a backup or antivirus software or another instance
InnoDB: of MySQL. Please close it to get rid of this error.
260618 21:03:42  InnoDB: Operating system error number 32 in a file operation.
InnoDB: The error means that another program is using InnoDB's files.
InnoDB: This might be a backup or antivirus software or another instance
InnoDB: of MySQL. Please close it to get rid of this error.
260618 21:03:52  InnoDB: Operating system error number 32 in a file operation.
InnoDB: The error means that another program is using InnoDB's files.
InnoDB: This might be a backup or antivirus software or another instance
InnoDB: of MySQL. Please close it to get rid of this error.
260618 21:04:02  InnoDB: Operating system error number 32 in a file operation.
InnoDB: The error means that another program is using InnoDB's files.
InnoDB: This might be a backup or antivirus software or another instance
InnoDB: of MySQL. Please close it to get rid of this error.
260618 21:04:12  InnoDB: Operating system error number 32 in a file operation.
InnoDB: The error means that another program is using InnoDB's files.
InnoDB: This might be a backup or antivirus software or another instance
InnoDB: of MySQL. Please close it to get rid of this error.
260618 21:04:22  InnoDB: Operating system error number 32 in a file operation.
InnoDB: The error means that another program is using InnoDB's files.
InnoDB: This might be a backup or antivirus software or another instance
InnoDB: of MySQL. Please close it to get rid of this error.
260618 21:04:32  InnoDB: Operating system error number 32 in a file operation.
InnoDB: The error means that another program is using InnoDB's files.
InnoDB: This might be a backup or antivirus software or another instance
InnoDB: of MySQL. Please close it to get rid of this error.
260618 21:04:42  InnoDB: Operating system error number 32 in a file operation.
InnoDB: The error means that another program is using InnoDB's files.
InnoDB: This might be a backup or antivirus software or another instance
InnoDB: of MySQL. Please close it to get rid of this error.
260618 21:04:52  InnoDB: Operating system error number 32 in a file operation.
InnoDB: The error means that another program is using InnoDB's files.
InnoDB: This might be a backup or antivirus software or another instance
InnoDB: of MySQL. Please close it to get rid of this error.
260618 21:05:02  InnoDB: Operating system error number 32 in a file operation.
InnoDB: The error means that another program is using InnoDB's files.
InnoDB: This might be a backup or antivirus software or another instance
InnoDB: of MySQL. Please close it to get rid of this error.
260618 21:05:12  InnoDB: Operating system error number 32 in a file operation.
InnoDB: The error means that another program is using InnoDB's files.
InnoDB: This might be a backup or antivirus software or another instance
InnoDB: of MySQL. Please close it to get rid of this error.
260618 21:05:22  InnoDB: Operating system error number 32 in a file operation.
InnoDB: The error means that another program is using InnoDB's files.
InnoDB: This might be a backup or antivirus software or another instance
InnoDB: of MySQL. Please close it to get rid of this error.
260618 21:05:32  InnoDB: Operating system error number 32 in a file operation.
InnoDB: The error means that another program is using InnoDB's files.
InnoDB: This might be a backup or antivirus software or another instance
InnoDB: of MySQL. Please close it to get rid of this error.
260618 21:05:42  InnoDB: Operating system error number 32 in a file operation.
InnoDB: The error means that another program is using InnoDB's files.
InnoDB: This might be a backup or antivirus software or another instance
InnoDB: of MySQL. Please close it to get rid of this error.
260618 21:05:52  InnoDB: Operating system error number 32 in a file operation.
InnoDB: The error means that another program is using InnoDB's files.
InnoDB: This might be a backup or antivirus software or another instance
InnoDB: of MySQL. Please close it to get rid of this error.
260618 21:06:02  InnoDB: Operating system error number 32 in a file operation.
InnoDB: The error means that another program is using InnoDB's files.
InnoDB: This might be a backup or antivirus software or another instance
InnoDB: of MySQL. Please close it to get rid of this error.
260618 21:06:12  InnoDB: Operating system error number 32 in a file operation.
InnoDB: The error means that another program is using InnoDB's files.
InnoDB: This might be a backup or antivirus software or another instance
InnoDB: of MySQL. Please close it to get rid of this error.
260618 21:06:22  InnoDB: Operating system error number 32 in a file operation.
InnoDB: The error means that another program is using InnoDB's files.
InnoDB: This might be a backup or antivirus software or another instance
InnoDB: of MySQL. Please close it to get rid of this error.
260618 21:06:32  InnoDB: Operating system error number 32 in a file operation.
InnoDB: The error means that another program is using InnoDB's files.
InnoDB: This might be a backup or antivirus software or another instance
InnoDB: of MySQL. Please close it to get rid of this error.
260618 21:06:42  InnoDB: Operating system error number 32 in a file operation.
InnoDB: The error means that another program is using InnoDB's files.
InnoDB: This might be a backup or antivirus software or another instance
InnoDB: of MySQL. Please close it to get rid of this error.
260618 21:06:52  InnoDB: Operating system error number 32 in a file operation.
InnoDB: The error means that another program is using InnoDB's files.
InnoDB: This might be a backup or antivirus software or another instance
InnoDB: of MySQL. Please close it to get rid of this error.
260618 21:07:02  InnoDB: Operating system error number 32 in a file operation.
InnoDB: The error means that another program is using InnoDB's files.
InnoDB: This might be a backup or antivirus software or another instance
InnoDB: of MySQL. Please close it to get rid of this error.
260618 21:07:12  InnoDB: Operating system error number 32 in a file operation.
InnoDB: The error means that another program is using InnoDB's files.
InnoDB: This might be a backup or antivirus software or another instance
InnoDB: of MySQL. Please close it to get rid of this error.
260618 21:07:22  InnoDB: Operating system error number 32 in a file operation.
InnoDB: The error means that another program is using InnoDB's files.
InnoDB: This might be a backup or antivirus software or another instance
InnoDB: of MySQL. Please close it to get rid of this error.
260618 21:07:32  InnoDB: Operating system error number 32 in a file operation.
InnoDB: The error means that another program is using InnoDB's files.
InnoDB: This might be a backup or antivirus software or another instance
InnoDB: of MySQL. Please close it to get rid of this error.
260618 21:07:42  InnoDB: Operating system error number 32 in a file operation.
InnoDB: The error means that another program is using InnoDB's files.
InnoDB: This might be a backup or antivirus software or another instance
InnoDB: of MySQL. Please close it to get rid of this error.
260618 21:07:52  InnoDB: Operating system error number 32 in a file operation.
InnoDB: The error means that another program is using InnoDB's files.
InnoDB: This might be a backup or antivirus software or another instance
InnoDB: of MySQL. Please close it to get rid of this error.
260618 21:08:02  InnoDB: Operating system error number 32 in a file operation.
InnoDB: The error means that another program is using InnoDB's files.
InnoDB: This might be a backup or antivirus software or another instance
InnoDB: of MySQL. Please close it to get rid of this error.
260618 21:08:12  InnoDB: Operating system error number 32 in a file operation.
InnoDB: The error means that another program is using InnoDB's files.
InnoDB: This might be a backup or antivirus software or another instance
InnoDB: of MySQL. Please close it to get rid of this error.
260618 21:08:22  InnoDB: Operating system error number 32 in a file operation.
InnoDB: The error means that another program is using InnoDB's files.
InnoDB: This might be a backup or antivirus software or another instance
InnoDB: of MySQL. Please close it to get rid of this error.
260618 21:08:32  InnoDB: Operating system error number 32 in a file operation.
InnoDB: The error means that another program is using InnoDB's files.
InnoDB: This might be a backup or antivirus software or another instance
InnoDB: of MySQL. Please close it to get rid of this error.
260618 21:08:42  InnoDB: Operating system error number 32 in a file operation.
InnoDB: The error means that another program is using InnoDB's files.
InnoDB: This might be a backup or antivirus software or another instance
InnoDB: of MySQL. Please close it to get rid of this error.
260618 21:08:52  InnoDB: Operating system error number 32 in a file operation.
InnoDB: The error means that another program is using InnoDB's files.
InnoDB: This might be a backup or antivirus software or another instance
InnoDB: of MySQL. Please close it to get rid of this error.
260618 21:09:02  InnoDB: Operating system error number 32 in a file operation.
InnoDB: The error means that another program is using InnoDB's files.
InnoDB: This might be a backup or antivirus software or another instance
InnoDB: of MySQL. Please close it to get rid of this error.
260618 21:09:12  InnoDB: Operating system error number 32 in a file operation.
InnoDB: The error means that another program is using InnoDB's files.
InnoDB: This might be a backup or antivirus software or another instance
InnoDB: of MySQL. Please close it to get rid of this error.
260618 21:09:22  InnoDB: Operating system error number 32 in a file operation.
InnoDB: The error means that another program is using InnoDB's files.
InnoDB: This might be a backup or antivirus software or another instance
InnoDB: of MySQL. Please close it to get rid of this error.
260618 21:09:32  InnoDB: Operating system error number 32 in a file operation.
InnoDB: The error means that another program is using InnoDB's files.
InnoDB: This might be a backup or antivirus software or another instance
InnoDB: of MySQL. Please close it to get rid of this error.
260618 21:09:42  InnoDB: Operating system error number 32 in a file operation.
InnoDB: The error means that another program is using InnoDB's files.
InnoDB: This might be a backup or antivirus software or another instance
InnoDB: of MySQL. Please close it to get rid of this error.
260618 21:09:52  InnoDB: Operating system error number 32 in a file operation.
InnoDB: The error means that another program is using InnoDB's files.
InnoDB: This might be a backup or antivirus software or another instance
InnoDB: of MySQL. Please close it to get rid of this error.
260618 21:10:02  InnoDB: Operating system error number 32 in a file operation.
InnoDB: The error means that another program is using InnoDB's files.
InnoDB: This might be a backup or antivirus software or another instance
InnoDB: of MySQL. Please close it to get rid of this error.
260618 21:10:12  InnoDB: Operating system error number 32 in a file operation.
InnoDB: The error means that another program is using InnoDB's files.
InnoDB: This might be a backup or antivirus software or another instance
InnoDB: of MySQL. Please close it to get rid of this error.
260618 21:10:22  InnoDB: Operating system error number 32 in a file operation.
InnoDB: The error means that another program is using InnoDB's files.
InnoDB: This might be a backup or antivirus software or another instance
InnoDB: of MySQL. Please close it to get rid of this error.
260618 21:10:32  InnoDB: Operating system error number 32 in a file operation.
InnoDB: The error means that another program is using InnoDB's files.
InnoDB: This might be a backup or antivirus software or another instance
InnoDB: of MySQL. Please close it to get rid of this error.
260618 21:10:42  InnoDB: Operating system error number 32 in a file operation.
InnoDB: The error means that another program is using InnoDB's files.
InnoDB: This might be a backup or antivirus software or another instance
InnoDB: of MySQL. Please close it to get rid of this error.
260618 21:10:52  InnoDB: Operating system error number 32 in a file operation.
InnoDB: The error means that another program is using InnoDB's files.
InnoDB: This might be a backup or antivirus software or another instance
InnoDB: of MySQL. Please close it to get rid of this error.
260618 21:11:02  InnoDB: Operating system error number 32 in a file operation.
InnoDB: The error means that another program is using InnoDB's files.
InnoDB: This might be a backup or antivirus software or another instance
InnoDB: of MySQL. Please close it to get rid of this error.
260618 21:11:12  InnoDB: Operating system error number 32 in a file operation.
InnoDB: The error means that another program is using InnoDB's files.
InnoDB: This might be a backup or antivirus software or another instance
InnoDB: of MySQL. Please close it to get rid of this error.
260618 21:11:22  InnoDB: Operating system error number 32 in a file operation.
InnoDB: The error means that another program is using InnoDB's files.
InnoDB: This might be a backup or antivirus software or another instance
InnoDB: of MySQL. Please close it to get rid of this error.
260618 21:11:32  InnoDB: Operating system error number 32 in a file operation.
InnoDB: The error means that another program is using InnoDB's files.
InnoDB: This might be a backup or antivirus software or another instance
InnoDB: of MySQL. Please close it to get rid of this error.
260618 21:11:42  InnoDB: Operating system error number 32 in a file operation.
InnoDB: The error means that another program is using InnoDB's files.
InnoDB: This might be a backup or antivirus software or another instance
InnoDB: of MySQL. Please close it to get rid of this error.
260618 21:11:52  InnoDB: Operating system error number 32 in a file operation.
InnoDB: The error means that another program is using InnoDB's files.
InnoDB: This might be a backup or antivirus software or another instance
InnoDB: of MySQL. Please close it to get rid of this error.
260618 21:12:02  InnoDB: Operating system error number 32 in a file operation.
InnoDB: The error means that another program is using InnoDB's files.
InnoDB: This might be a backup or antivirus software or another instance
InnoDB: of MySQL. Please close it to get rid of this error.
260618 21:12:12  InnoDB: Operating system error number 32 in a file operation.
InnoDB: The error means that another program is using InnoDB's files.
InnoDB: This might be a backup or antivirus software or another instance
InnoDB: of MySQL. Please close it to get rid of this error.
260618 21:12:23  InnoDB: Operating system error number 32 in a file operation.
InnoDB: The error means that another program is using InnoDB's files.
InnoDB: This might be a backup or antivirus software or another instance
InnoDB: of MySQL. Please close it to get rid of this error.
260618 21:12:33  InnoDB: Operating system error number 32 in a file operation.
InnoDB: The error means that another program is using InnoDB's files.
InnoDB: This might be a backup or antivirus software or another instance
InnoDB: of MySQL. Please close it to get rid of this error.
260618 21:12:43  InnoDB: Operating system error number 32 in a file operation.
InnoDB: The error means that another program is using InnoDB's files.
InnoDB: This might be a backup or antivirus software or another instance
InnoDB: of MySQL. Please close it to get rid of this error.
260618 21:12:53  InnoDB: Operating system error number 32 in a file operation.
InnoDB: The error means that another program is using InnoDB's files.
InnoDB: This might be a backup or antivirus software or another instance
InnoDB: of MySQL. Please close it to get rid of this error.
260618 21:13:03  InnoDB: Operating system error number 32 in a file operation.
InnoDB: The error means that another program is using InnoDB's files.
InnoDB: This might be a backup or antivirus software or another instance
InnoDB: of MySQL. Please close it to get rid of this error.
260618 21:13:13  InnoDB: Operating system error number 32 in a file operation.
InnoDB: The error means that another program is using InnoDB's files.
InnoDB: This might be a backup or antivirus software or another instance
InnoDB: of MySQL. Please close it to get rid of this error.
260618 21:13:23  InnoDB: Operating system error number 32 in a file operation.
InnoDB: The error means that another program is using InnoDB's files.
InnoDB: This might be a backup or antivirus software or another instance
InnoDB: of MySQL. Please close it to get rid of this error.
260618 21:13:33  InnoDB: Operating system error number 32 in a file operation.
InnoDB: The error means that another program is using InnoDB's files.
InnoDB: This might be a backup or antivirus software or another instance
InnoDB: of MySQL. Please close it to get rid of this error.
260618 21:13:43  InnoDB: Operating system error number 32 in a file operation.
InnoDB: The error means that another program is using InnoDB's files.
InnoDB: This might be a backup or antivirus software or another instance
InnoDB: of MySQL. Please close it to get rid of this error.
260618 21:13:53  InnoDB: Operating system error number 32 in a file operation.
InnoDB: The error means that another program is using InnoDB's files.
InnoDB: This might be a backup or antivirus software or another instance
InnoDB: of MySQL. Please close it to get rid of this error.
260618 21:14:03  InnoDB: Operating system error number 32 in a file operation.
InnoDB: The error means that another program is using InnoDB's files.
InnoDB: This might be a backup or antivirus software or another instance
InnoDB: of MySQL. Please close it to get rid of this error.
260618 21:14:13  InnoDB: Operating system error number 32 in a file operation.
InnoDB: The error means that another program is using InnoDB's files.
InnoDB: This might be a backup or antivirus software or another instance
InnoDB: of MySQL. Please close it to get rid of this error.
260618 21:14:23  InnoDB: Operating system error number 32 in a file operation.
InnoDB: The error means that another program is using InnoDB's files.
InnoDB: This might be a backup or antivirus software or another instance
InnoDB: of MySQL. Please close it to get rid of this error.
260618 21:14:33  InnoDB: Operating system error number 32 in a file operation.
InnoDB: The error means that another program is using InnoDB's files.
InnoDB: This might be a backup or antivirus software or another instance
InnoDB: of MySQL. Please close it to get rid of this error.
260618 21:14:43  InnoDB: Operating system error number 32 in a file operation.
InnoDB: The error means that another program is using InnoDB's files.
InnoDB: This might be a backup or antivirus software or another instance
InnoDB: of MySQL. Please close it to get rid of this error.
260618 21:14:53  InnoDB: Operating system error number 32 in a file operation.
InnoDB: The error means that another program is using InnoDB's files.
InnoDB: This might be a backup or antivirus software or another instance
InnoDB: of MySQL. Please close it to get rid of this error.
260618 21:15:03  InnoDB: Operating system error number 32 in a file operation.
InnoDB: The error means that another program is using InnoDB's files.
InnoDB: This might be a backup or antivirus software or another instance
InnoDB: of MySQL. Please close it to get rid of this error.
260618 21:15:13  InnoDB: Operating system error number 32 in a file operation.
InnoDB: The error means that another program is using InnoDB's files.
InnoDB: This might be a backup or antivirus software or another instance
InnoDB: of MySQL. Please close it to get rid of this error.
260618 21:15:23  InnoDB: Operating system error number 32 in a file operation.
InnoDB: The error means that another program is using InnoDB's files.
InnoDB: This might be a backup or antivirus software or another instance
InnoDB: of MySQL. Please close it to get rid of this error.
260618 21:15:33  InnoDB: Operating system error number 32 in a file operation.
InnoDB: The error means that another program is using InnoDB's files.
InnoDB: This might be a backup or antivirus software or another instance
InnoDB: of MySQL. Please close it to get rid of this error.
260618 21:15:43  InnoDB: Operating system error number 32 in a file operation.
InnoDB: The error means that another program is using InnoDB's files.
InnoDB: This might be a backup or antivirus software or another instance
InnoDB: of MySQL. Please close it to get rid of this error.
260618 21:15:53  InnoDB: Operating system error number 32 in a file operation.
InnoDB: The error means that another program is using InnoDB's files.
InnoDB: This might be a backup or antivirus software or another instance
InnoDB: of MySQL. Please close it to get rid of this error.
260618 21:16:03  InnoDB: Operating system error number 32 in a file operation.
InnoDB: The error means that another program is using InnoDB's files.
InnoDB: This might be a backup or antivirus software or another instance
InnoDB: of MySQL. Please close it to get rid of this error.
260618 21:16:13  InnoDB: Operating system error number 32 in a file operation.
InnoDB: The error means that another program is using InnoDB's files.
InnoDB: This might be a backup or antivirus software or another instance
InnoDB: of MySQL. Please close it to get rid of this error.
260618 21:16:23  InnoDB: Operating system error number 32 in a file operation.
InnoDB: The error means that another program is using InnoDB's files.
InnoDB: This might be a backup or antivirus software or another instance
InnoDB: of MySQL. Please close it to get rid of this error.
260618 21:16:33  InnoDB: Operating system error number 32 in a file operation.
InnoDB: The error means that another program is using InnoDB's files.
InnoDB: This might be a backup or antivirus software or another instance
InnoDB: of MySQL. Please close it to get rid of this error.
260618 21:16:43  InnoDB: Operating system error number 32 in a file operation.
InnoDB: The error means that another program is using InnoDB's files.
InnoDB: This might be a backup or antivirus software or another instance
InnoDB: of MySQL. Please close it to get rid of this error.
260618 21:16:53  InnoDB: Operating system error number 32 in a file operation.
InnoDB: The error means that another program is using InnoDB's files.
InnoDB: This might be a backup or antivirus software or another instance
InnoDB: of MySQL. Please close it to get rid of this error.
260618 21:17:03  InnoDB: Operating system error number 32 in a file operation.
InnoDB: The error means that another program is using InnoDB's files.
InnoDB: This might be a backup or antivirus software or another instance
InnoDB: of MySQL. Please close it to get rid of this error.
260618 21:17:13  InnoDB: Operating system error number 32 in a file operation.
InnoDB: The error means that another program is using InnoDB's files.
InnoDB: This might be a backup or antivirus software or another instance
InnoDB: of MySQL. Please close it to get rid of this error.
260618 21:17:23  InnoDB: Operating system error number 32 in a file operation.
InnoDB: The error means that another program is using InnoDB's files.
InnoDB: This might be a backup or antivirus software or another instance
InnoDB: of MySQL. Please close it to get rid of this error.
260618 21:17:33  InnoDB: Operating system error number 32 in a file operation.
InnoDB: The error means that another program is using InnoDB's files.
InnoDB: This might be a backup or antivirus software or another instance
InnoDB: of MySQL. Please close it to get rid of this error.
260618 21:17:43  InnoDB: Operating system error number 32 in a file operation.
InnoDB: The error means that another program is using InnoDB's files.
InnoDB: This might be a backup or antivirus software or another instance
InnoDB: of MySQL. Please close it to get rid of this error.
260618 21:17:53  InnoDB: Operating system error number 32 in a file operation.
InnoDB: The error means that another program is using InnoDB's files.
InnoDB: This might be a backup or antivirus software or another instance
InnoDB: of MySQL. Please close it to get rid of this error.
260618 21:18:03  InnoDB: Operating system error number 32 in a file operation.
InnoDB: The error means that another program is using InnoDB's files.
InnoDB: This might be a backup or antivirus software or another instance
InnoDB: of MySQL. Please close it to get rid of this error.
260618 21:18:13  InnoDB: Operating system error number 32 in a file operation.
InnoDB: The error means that another program is using InnoDB's files.
InnoDB: This might be a backup or antivirus software or another instance
InnoDB: of MySQL. Please close it to get rid of this error.
260618 21:18:23  InnoDB: Operating system error number 32 in a file operation.
InnoDB: The error means that another program is using InnoDB's files.
InnoDB: This might be a backup or antivirus software or another instance
InnoDB: of MySQL. Please close it to get rid of this error.
260618 21:18:33  InnoDB: Operating system error number 32 in a file operation.
InnoDB: The error means that another program is using InnoDB's files.
InnoDB: This might be a backup or antivirus software or another instance
InnoDB: of MySQL. Please close it to get rid of this error.
260618 21:18:43  InnoDB: Operating system error number 32 in a file operation.
InnoDB: The error means that another program is using InnoDB's files.
InnoDB: This might be a backup or antivirus software or another instance
InnoDB: of MySQL. Please close it to get rid of this error.
260618 21:18:53  InnoDB: Operating system error number 32 in a file operation.
InnoDB: The error means that another program is using InnoDB's files.
InnoDB: This might be a backup or antivirus software or another instance
InnoDB: of MySQL. Please close it to get rid of this error.
260618 21:19:03  InnoDB: Operating system error number 32 in a file operation.
InnoDB: The error means that another program is using InnoDB's files.
InnoDB: This might be a backup or antivirus software or another instance
InnoDB: of MySQL. Please close it to get rid of this error.
260618 21:19:13  InnoDB: Operating system error number 32 in a file operation.
InnoDB: The error means that another program is using InnoDB's files.
InnoDB: This might be a backup or antivirus software or another instance
InnoDB: of MySQL. Please close it to get rid of this error.
260618 21:19:23  InnoDB: Operating system error number 32 in a file operation.
InnoDB: The error means that another program is using InnoDB's files.
InnoDB: This might be a backup or antivirus software or another instance
InnoDB: of MySQL. Please close it to get rid of this error.
260618 21:19:33  InnoDB: Operating system error number 32 in a file operation.
InnoDB: The error means that another program is using InnoDB's files.
InnoDB: This might be a backup or antivirus software or another instance
InnoDB: of MySQL. Please close it to get rid of this error.
260618 21:19:43  InnoDB: Operating system error number 32 in a file operation.
InnoDB: The error means that another program is using InnoDB's files.
InnoDB: This might be a backup or antivirus software or another instance
InnoDB: of MySQL. Please close it to get rid of this error.
260618 21:19:53  InnoDB: Operating system error number 32 in a file operation.
InnoDB: The error means that another program is using InnoDB's files.
InnoDB: This might be a backup or antivirus software or another instance
InnoDB: of MySQL. Please close it to get rid of this error.
260618 21:20:03  InnoDB: Operating system error number 32 in a file operation.
InnoDB: The error means that another program is using InnoDB's files.
InnoDB: This might be a backup or antivirus software or another instance
InnoDB: of MySQL. Please close it to get rid of this error.
260618 21:20:13  InnoDB: Operating system error number 32 in a file operation.
InnoDB: The error means that another program is using InnoDB's files.
InnoDB: This might be a backup or antivirus software or another instance
InnoDB: of MySQL. Please close it to get rid of this error.
260618 21:20:23  InnoDB: Operating system error number 32 in a file operation.
InnoDB: The error means that another program is using InnoDB's files.
InnoDB: This might be a backup or antivirus software or another instance
InnoDB: of MySQL. Please close it to get rid of this error.
260618 21:20:33  InnoDB: Operating system error number 32 in a file operation.
InnoDB: The error means that another program is using InnoDB's files.
InnoDB: This might be a backup or antivirus software or another instance
InnoDB: of MySQL. Please close it to get rid of this error.
260618 21:20:43  InnoDB: Operating system error number 32 in a file operation.
InnoDB: The error means that another program is using InnoDB's files.
InnoDB: This might be a backup or antivirus software or another instance
InnoDB: of MySQL. Please close it to get rid of this error.
260618 21:20:53  InnoDB: Operating system error number 32 in a file operation.
InnoDB: The error means that another program is using InnoDB's files.
InnoDB: This might be a backup or antivirus software or another instance
InnoDB: of MySQL. Please close it to get rid of this error.
260618 21:21:03  InnoDB: Operating system error number 32 in a file operation.
InnoDB: The error means that another program is using InnoDB's files.
InnoDB: This might be a backup or antivirus software or another instance
InnoDB: of MySQL. Please close it to get rid of this error.
260618 21:21:13  InnoDB: Operating system error number 32 in a file operation.
InnoDB: The error means that another program is using InnoDB's files.
InnoDB: This might be a backup or antivirus software or another instance
InnoDB: of MySQL. Please close it to get rid of this error.
260618 21:21:23  InnoDB: Operating system error number 32 in a file operation.
InnoDB: The error means that another program is using InnoDB's files.
InnoDB: This might be a backup or antivirus software or another instance
InnoDB: of MySQL. Please close it to get rid of this error.
260618 21:21:33  InnoDB: Operating system error number 32 in a file operation.
InnoDB: The error means that another program is using InnoDB's files.
InnoDB: This might be a backup or antivirus software or another instance
InnoDB: of MySQL. Please close it to get rid of this error.
260618 21:21:43  InnoDB: Operating system error number 32 in a file operation.
InnoDB: The error means that another program is using InnoDB's files.
InnoDB: This might be a backup or antivirus software or another instance
InnoDB: of MySQL. Please close it to get rid of this error.
260618 21:21:53  InnoDB: Operating system error number 32 in a file operation.
InnoDB: The error means that another program is using InnoDB's files.
InnoDB: This might be a backup or antivirus software or another instance
InnoDB: of MySQL. Please close it to get rid of this error.
260618 21:22:03  InnoDB: Operating system error number 32 in a file operation.
InnoDB: The error means that another program is using InnoDB's files.
InnoDB: This might be a backup or antivirus software or another instance
InnoDB: of MySQL. Please close it to get rid of this error.
260618 21:22:13  InnoDB: Operating system error number 32 in a file operation.
InnoDB: The error means that another program is using InnoDB's files.
InnoDB: This might be a backup or antivirus software or another instance
InnoDB: of MySQL. Please close it to get rid of this error.
260618 21:22:23  InnoDB: Operating system error number 32 in a file operation.
InnoDB: The error means that another program is using InnoDB's files.
InnoDB: This might be a backup or antivirus software or another instance
InnoDB: of MySQL. Please close it to get rid of this error.
260618 21:22:33  InnoDB: Operating system error number 32 in a file operation.
InnoDB: The error means that another program is using InnoDB's files.
InnoDB: This might be a backup or antivirus software or another instance
InnoDB: of MySQL. Please close it to get rid of this error.
260618 21:22:43  InnoDB: Operating system error number 32 in a file operation.
InnoDB: The error means that another program is using InnoDB's files.
InnoDB: This might be a backup or antivirus software or another instance
InnoDB: of MySQL. Please close it to get rid of this error.
260618 21:22:53  InnoDB: Operating system error number 32 in a file operation.
InnoDB: The error means that another program is using InnoDB's files.
InnoDB: This might be a backup or antivirus software or another instance
InnoDB: of MySQL. Please close it to get rid of this error.
260618 21:23:04  InnoDB: Operating system error number 32 in a file operation.
InnoDB: The error means that another program is using InnoDB's files.
InnoDB: This might be a backup or antivirus software or another instance
InnoDB: of MySQL. Please close it to get rid of this error.
260618 21:23:14  InnoDB: Operating system error number 32 in a file operation.
InnoDB: The error means that another program is using InnoDB's files.
InnoDB: This might be a backup or antivirus software or another instance
InnoDB: of MySQL. Please close it to get rid of this error.
260618 21:23:24  InnoDB: Operating system error number 32 in a file operation.
InnoDB: The error means that another program is using InnoDB's files.
InnoDB: This might be a backup or antivirus software or another instance
InnoDB: of MySQL. Please close it to get rid of this error.
260618 21:23:34  InnoDB: Operating system error number 32 in a file operation.
InnoDB: The error means that another program is using InnoDB's files.
InnoDB: This might be a backup or antivirus software or another instance
InnoDB: of MySQL. Please close it to get rid of this error.
260618 21:23:44  InnoDB: Operating system error number 32 in a file operation.
InnoDB: The error means that another program is using InnoDB's files.
InnoDB: This might be a backup or antivirus software or another instance
InnoDB: of MySQL. Please close it to get rid of this error.
260618 21:23:54  InnoDB: Operating system error number 32 in a file operation.
InnoDB: The error means that another program is using InnoDB's files.
InnoDB: This might be a backup or antivirus software or another instance
InnoDB: of MySQL. Please close it to get rid of this error.
260618 21:24:04  InnoDB: Operating system error number 32 in a file operation.
InnoDB: The error means that another program is using InnoDB's files.
InnoDB: This might be a backup or antivirus software or another instance
InnoDB: of MySQL. Please close it to get rid of this error.
260618 21:24:14  InnoDB: Operating system error number 32 in a file operation.
InnoDB: The error means that another program is using InnoDB's files.
InnoDB: This might be a backup or antivirus software or another instance
InnoDB: of MySQL. Please close it to get rid of this error.
260618 21:24:24  InnoDB: Operating system error number 32 in a file operation.
InnoDB: The error means that another program is using InnoDB's files.
InnoDB: This might be a backup or antivirus software or another instance
InnoDB: of MySQL. Please close it to get rid of this error.
260618 21:24:34  InnoDB: Operating system error number 32 in a file operation.
InnoDB: The error means that another program is using InnoDB's files.
InnoDB: This might be a backup or antivirus software or another instance
InnoDB: of MySQL. Please close it to get rid of this error.
260618 21:24:44  InnoDB: Operating system error number 32 in a file operation.
InnoDB: The error means that another program is using InnoDB's files.
InnoDB: This might be a backup or antivirus software or another instance
InnoDB: of MySQL. Please close it to get rid of this error.
260618 21:24:54  InnoDB: Operating system error number 32 in a file operation.
InnoDB: The error means that another program is using InnoDB's files.
InnoDB: This might be a backup or antivirus software or another instance
InnoDB: of MySQL. Please close it to get rid of this error.
260618 21:25:04  InnoDB: Operating system error number 32 in a file operation.
InnoDB: The error means that another program is using InnoDB's files.
InnoDB: This might be a backup or antivirus software or another instance
InnoDB: of MySQL. Please close it to get rid of this error.
260618 21:25:14  InnoDB: Operating system error number 32 in a file operation.
InnoDB: The error means that another program is using InnoDB's files.
InnoDB: This might be a backup or antivirus software or another instance
InnoDB: of MySQL. Please close it to get rid of this error.
260618 21:25:24  InnoDB: Operating system error number 32 in a file operation.
InnoDB: The error means that another program is using InnoDB's files.
InnoDB: This might be a backup or antivirus software or another instance
InnoDB: of MySQL. Please close it to get rid of this error.
260618 21:25:34  InnoDB: Operating system error number 32 in a file operation.
InnoDB: The error means that another program is using InnoDB's files.
InnoDB: This might be a backup or antivirus software or another instance
InnoDB: of MySQL. Please close it to get rid of this error.
260618 21:25:44  InnoDB: Operating system error number 32 in a file operation.
InnoDB: The error means that another program is using InnoDB's files.
InnoDB: This might be a backup or antivirus software or another instance
InnoDB: of MySQL. Please close it to get rid of this error.
260618 21:25:54  InnoDB: Operating system error number 32 in a file operation.
InnoDB: The error means that another program is using InnoDB's files.
InnoDB: This might be a backup or antivirus software or another instance
InnoDB: of MySQL. Please close it to get rid of this error.
260618 21:26:04  InnoDB: Operating system error number 32 in a file operation.
InnoDB: The error means that another program is using InnoDB's files.
InnoDB: This might be a backup or antivirus software or another instance
InnoDB: of MySQL. Please close it to get rid of this error.
260618 21:26:14  InnoDB: Operating system error number 32 in a file operation.
InnoDB: The error means that another program is using InnoDB's files.
InnoDB: This might be a backup or antivirus software or another instance
InnoDB: of MySQL. Please close it to get rid of this error.
260618 21:26:24  InnoDB: Operating system error number 32 in a file operation.
InnoDB: The error means that another program is using InnoDB's files.
InnoDB: This might be a backup or antivirus software or another instance
InnoDB: of MySQL. Please close it to get rid of this error.
260618 21:26:34  InnoDB: Operating system error number 32 in a file operation.
InnoDB: The error means that another program is using InnoDB's files.
InnoDB: This might be a backup or antivirus software or another instance
InnoDB: of MySQL. Please close it to get rid of this error.
260618 21:26:44  InnoDB: Operating system error number 32 in a file operation.
InnoDB: The error means that another program is using InnoDB's files.
InnoDB: This might be a backup or antivirus software or another instance
InnoDB: of MySQL. Please close it to get rid of this error.
260618 21:26:54  InnoDB: Operating system error number 32 in a file operation.
InnoDB: The error means that another program is using InnoDB's files.
InnoDB: This might be a backup or antivirus software or another instance
InnoDB: of MySQL. Please close it to get rid of this error.
260618 21:27:04  InnoDB: Operating system error number 32 in a file operation.
InnoDB: The error means that another program is using InnoDB's files.
InnoDB: This might be a backup or antivirus software or another instance
InnoDB: of MySQL. Please close it to get rid of this error.
260618 21:27:14  InnoDB: Operating system error number 32 in a file operation.
InnoDB: The error means that another program is using InnoDB's files.
InnoDB: This might be a backup or antivirus software or another instance
InnoDB: of MySQL. Please close it to get rid of this error.
260618 21:27:24  InnoDB: Operating system error number 32 in a file operation.
InnoDB: The error means that another program is using InnoDB's files.
InnoDB: This might be a backup or antivirus software or another instance
InnoDB: of MySQL. Please close it to get rid of this error.
260618 21:27:34  InnoDB: Operating system error number 32 in a file operation.
InnoDB: The error means that another program is using InnoDB's files.
InnoDB: This might be a backup or antivirus software or another instance
InnoDB: of MySQL. Please close it to get rid of this error.
260618 21:27:44  InnoDB: Operating system error number 32 in a file operation.
InnoDB: The error means that another program is using InnoDB's files.
InnoDB: This might be a backup or antivirus software or another instance
InnoDB: of MySQL. Please close it to get rid of this error.
260618 21:27:54  InnoDB: Operating system error number 32 in a file operation.
InnoDB: The error means that another program is using InnoDB's files.
InnoDB: This might be a backup or antivirus software or another instance
InnoDB: of MySQL. Please close it to get rid of this error.
260618 21:28:04  InnoDB: Operating system error number 32 in a file operation.
InnoDB: The error means that another program is using InnoDB's files.
InnoDB: This might be a backup or antivirus software or another instance
InnoDB: of MySQL. Please close it to get rid of this error.
260618 21:28:14  InnoDB: Operating system error number 32 in a file operation.
InnoDB: The error means that another program is using InnoDB's files.
InnoDB: This might be a backup or antivirus software or another instance
InnoDB: of MySQL. Please close it to get rid of this error.
260618 21:28:24  InnoDB: Operating system error number 32 in a file operation.
InnoDB: The error means that another program is using InnoDB's files.
InnoDB: This might be a backup or antivirus software or another instance
InnoDB: of MySQL. Please close it to get rid of this error.
260618 21:28:34  InnoDB: Operating system error number 32 in a file operation.
InnoDB: The error means that another program is using InnoDB's files.
InnoDB: This might be a backup or antivirus software or another instance
InnoDB: of MySQL. Please close it to get rid of this error.
260618 21:28:44  InnoDB: Operating system error number 32 in a file operation.
InnoDB: The error means that another program is using InnoDB's files.
InnoDB: This might be a backup or antivirus software or another instance
InnoDB: of MySQL. Please close it to get rid of this error.
260618 21:28:54  InnoDB: Operating system error number 32 in a file operation.
InnoDB: The error means that another program is using InnoDB's files.
InnoDB: This might be a backup or antivirus software or another instance
InnoDB: of MySQL. Please close it to get rid of this error.
260618 21:29:04  InnoDB: Operating system error number 32 in a file operation.
InnoDB: The error means that another program is using InnoDB's files.
InnoDB: This might be a backup or antivirus software or another instance
InnoDB: of MySQL. Please close it to get rid of this error.
260618 21:29:14  InnoDB: Operating system error number 32 in a file operation.
InnoDB: The error means that another program is using InnoDB's files.
InnoDB: This might be a backup or antivirus software or another instance
InnoDB: of MySQL. Please close it to get rid of this error.
260618 21:29:24  InnoDB: Operating system error number 32 in a file operation.
InnoDB: The error means that another program is using InnoDB's files.
InnoDB: This might be a backup or antivirus software or another instance
InnoDB: of MySQL. Please close it to get rid of this error.
260618 21:29:34  InnoDB: Operating system error number 32 in a file operation.
InnoDB: The error means that another program is using InnoDB's files.
InnoDB: This might be a backup or antivirus software or another instance
InnoDB: of MySQL. Please close it to get rid of this error.
260618 21:29:44  InnoDB: Operating system error number 32 in a file operation.
InnoDB: The error means that another program is using InnoDB's files.
InnoDB: This might be a backup or antivirus software or another instance
InnoDB: of MySQL. Please close it to get rid of this error.
260618 21:29:54  InnoDB: Operating system error number 32 in a file operation.
InnoDB: The error means that another program is using InnoDB's files.
InnoDB: This might be a backup or antivirus software or another instance
InnoDB: of MySQL. Please close it to get rid of this error.
260618 21:30:04  InnoDB: Operating system error number 32 in a file operation.
InnoDB: The error means that another program is using InnoDB's files.
InnoDB: This might be a backup or antivirus software or another instance
InnoDB: of MySQL. Please close it to get rid of this error.
260618 21:30:14  InnoDB: Operating system error number 32 in a file operation.
InnoDB: The error means that another program is using InnoDB's files.
InnoDB: This might be a backup or antivirus software or another instance
InnoDB: of MySQL. Please close it to get rid of this error.
260618 21:30:24  InnoDB: Operating system error number 32 in a file operation.
InnoDB: The error means that another program is using InnoDB's files.
InnoDB: This might be a backup or antivirus software or another instance
InnoDB: of MySQL. Please close it to get rid of this error.
260618 21:30:34  InnoDB: Operating system error number 32 in a file operation.
InnoDB: The error means that another program is using InnoDB's files.
InnoDB: This might be a backup or antivirus software or another instance
InnoDB: of MySQL. Please close it to get rid of this error.
260618 21:30:44  InnoDB: Operating system error number 32 in a file operation.
InnoDB: The error means that another program is using InnoDB's files.
InnoDB: This might be a backup or antivirus software or another instance
InnoDB: of MySQL. Please close it to get rid of this error.
260618 21:30:54  InnoDB: Operating system error number 32 in a file operation.
InnoDB: The error means that another program is using InnoDB's files.
InnoDB: This might be a backup or antivirus software or another instance
InnoDB: of MySQL. Please close it to get rid of this error.
260618 21:31:04  InnoDB: Operating system error number 32 in a file operation.
InnoDB: The error means that another program is using InnoDB's files.
InnoDB: This might be a backup or antivirus software or another instance
InnoDB: of MySQL. Please close it to get rid of this error.
260618 21:31:14  InnoDB: Operating system error number 32 in a file operation.
InnoDB: The error means that another program is using InnoDB's files.
InnoDB: This might be a backup or antivirus software or another instance
InnoDB: of MySQL. Please close it to get rid of this error.
260618 21:31:24  InnoDB: Operating system error number 32 in a file operation.
InnoDB: The error means that another program is using InnoDB's files.
InnoDB: This might be a backup or antivirus software or another instance
InnoDB: of MySQL. Please close it to get rid of this error.
260618 21:31:34  InnoDB: Operating system error number 32 in a file operation.
InnoDB: The error means that another program is using InnoDB's files.
InnoDB: This might be a backup or antivirus software or another instance
InnoDB: of MySQL. Please close it to get rid of this error.
260618 21:31:44  InnoDB: Operating system error number 32 in a file operation.
InnoDB: The error means that another program is using InnoDB's files.
InnoDB: This might be a backup or antivirus software or another instance
InnoDB: of MySQL. Please close it to get rid of this error.
260618 21:31:54  InnoDB: Operating system error number 32 in a file operation.
InnoDB: The error means that another program is using InnoDB's files.
InnoDB: This might be a backup or antivirus software or another instance
InnoDB: of MySQL. Please close it to get rid of this error.
260618 21:32:04  InnoDB: Operating system error number 32 in a file operation.
InnoDB: The error means that another program is using InnoDB's files.
InnoDB: This might be a backup or antivirus software or another instance
InnoDB: of MySQL. Please close it to get rid of this error.
260618 21:32:14  InnoDB: Operating system error number 32 in a file operation.
InnoDB: The error means that another program is using InnoDB's files.
InnoDB: This might be a backup or antivirus software or another instance
InnoDB: of MySQL. Please close it to get rid of this error.
260618 21:32:24  InnoDB: Operating system error number 32 in a file operation.
InnoDB: The error means that another program is using InnoDB's files.
InnoDB: This might be a backup or antivirus software or another instance
InnoDB: of MySQL. Please close it to get rid of this error.
260618 21:32:34  InnoDB: Operating system error number 32 in a file operation.
InnoDB: The error means that another program is using InnoDB's files.
InnoDB: This might be a backup or antivirus software or another instance
InnoDB: of MySQL. Please close it to get rid of this error.
260618 21:32:44  InnoDB: Operating system error number 32 in a file operation.
InnoDB: The error means that another program is using InnoDB's files.
InnoDB: This might be a backup or antivirus software or another instance
InnoDB: of MySQL. Please close it to get rid of this error.
260618 21:32:54  InnoDB: Operating system error number 32 in a file operation.
InnoDB: The error means that another program is using InnoDB's files.
InnoDB: This might be a backup or antivirus software or another instance
InnoDB: of MySQL. Please close it to get rid of this error.
260618 21:33:04  InnoDB: Operating system error number 32 in a file operation.
InnoDB: The error means that another program is using InnoDB's files.
InnoDB: This might be a backup or antivirus software or another instance
InnoDB: of MySQL. Please close it to get rid of this error.
260618 21:33:14  InnoDB: Operating system error number 32 in a file operation.
InnoDB: The error means that another program is using InnoDB's files.
InnoDB: This might be a backup or antivirus software or another instance
InnoDB: of MySQL. Please close it to get rid of this error.
260618 21:33:25  InnoDB: Operating system error number 32 in a file operation.
InnoDB: The error means that another program is using InnoDB's files.
InnoDB: This might be a backup or antivirus software or another instance
InnoDB: of MySQL. Please close it to get rid of this error.
260618 21:33:35  InnoDB: Operating system error number 32 in a file operation.
InnoDB: The error means that another program is using InnoDB's files.
InnoDB: This might be a backup or antivirus software or another instance
InnoDB: of MySQL. Please close it to get rid of this error.
260618 21:33:45  InnoDB: Operating system error number 32 in a file operation.
InnoDB: The error means that another program is using InnoDB's files.
InnoDB: This might be a backup or antivirus software or another instance
InnoDB: of MySQL. Please close it to get rid of this error.
260618 21:33:55  InnoDB: Operating system error number 32 in a file operation.
InnoDB: The error means that another program is using InnoDB's files.
InnoDB: This might be a backup or antivirus software or another instance
InnoDB: of MySQL. Please close it to get rid of this error.
260618 21:34:05  InnoDB: Operating system error number 32 in a file operation.
InnoDB: The error means that another program is using InnoDB's files.
InnoDB: This might be a backup or antivirus software or another instance
InnoDB: of MySQL. Please close it to get rid of this error.
260618 21:34:15  InnoDB: Operating system error number 32 in a file operation.
InnoDB: The error means that another program is using InnoDB's files.
InnoDB: This might be a backup or antivirus software or another instance
InnoDB: of MySQL. Please close it to get rid of this error.
260618 21:34:25  InnoDB: Operating system error number 32 in a file operation.
InnoDB: The error means that another program is using InnoDB's files.
InnoDB: This might be a backup or antivirus software or another instance
InnoDB: of MySQL. Please close it to get rid of this error.
260618 21:34:35  InnoDB: Operating system error number 32 in a file operation.
InnoDB: The error means that another program is using InnoDB's files.
InnoDB: This might be a backup or antivirus software or another instance
InnoDB: of MySQL. Please close it to get rid of this error.
260618 21:34:45  InnoDB: Operating system error number 32 in a file operation.
InnoDB: The error means that another program is using InnoDB's files.
InnoDB: This might be a backup or antivirus software or another instance
InnoDB: of MySQL. Please close it to get rid of this error.
260618 21:34:55  InnoDB: Operating system error number 32 in a file operation.
InnoDB: The error means that another program is using InnoDB's files.
InnoDB: This might be a backup or antivirus software or another instance
InnoDB: of MySQL. Please close it to get rid of this error.
260618 21:35:05  InnoDB: Operating system error number 32 in a file operation.
InnoDB: The error means that another program is using InnoDB's files.
InnoDB: This might be a backup or antivirus software or another instance
InnoDB: of MySQL. Please close it to get rid of this error.
260618 21:35:15  InnoDB: Operating system error number 32 in a file operation.
InnoDB: The error means that another program is using InnoDB's files.
InnoDB: This might be a backup or antivirus software or another instance
InnoDB: of MySQL. Please close it to get rid of this error.
260618 21:35:25  InnoDB: Operating system error number 32 in a file operation.
InnoDB: The error means that another program is using InnoDB's files.
InnoDB: This might be a backup or antivirus software or another instance
InnoDB: of MySQL. Please close it to get rid of this error.
260618 21:35:35  InnoDB: Operating system error number 32 in a file operation.
InnoDB: The error means that another program is using InnoDB's files.
InnoDB: This might be a backup or antivirus software or another instance
InnoDB: of MySQL. Please close it to get rid of this error.
260618 21:35:45  InnoDB: Operating system error number 32 in a file operation.
InnoDB: The error means that another program is using InnoDB's files.
InnoDB: This might be a backup or antivirus software or another instance
InnoDB: of MySQL. Please close it to get rid of this error.
260618 21:35:55  InnoDB: Operating system error number 32 in a file operation.
InnoDB: The error means that another program is using InnoDB's files.
InnoDB: This might be a backup or antivirus software or another instance
InnoDB: of MySQL. Please close it to get rid of this error.
260618 21:36:05  InnoDB: Operating system error number 32 in a file operation.
InnoDB: The error means that another program is using InnoDB's files.
InnoDB: This might be a backup or antivirus software or another instance
InnoDB: of MySQL. Please close it to get rid of this error.
260618 21:36:15  InnoDB: Operating system error number 32 in a file operation.
InnoDB: The error means that another program is using InnoDB's files.
InnoDB: This might be a backup or antivirus software or another instance
InnoDB: of MySQL. Please close it to get rid of this error.
260618 21:36:25  InnoDB: Operating system error number 32 in a file operation.
InnoDB: The error means that another program is using InnoDB's files.
InnoDB: This might be a backup or antivirus software or another instance
InnoDB: of MySQL. Please close it to get rid of this error.
260618 21:36:35  InnoDB: Operating system error number 32 in a file operation.
InnoDB: The error means that another program is using InnoDB's files.
InnoDB: This might be a backup or antivirus software or another instance
InnoDB: of MySQL. Please close it to get rid of this error.
260618 21:36:45  InnoDB: Operating system error number 32 in a file operation.
InnoDB: The error means that another program is using InnoDB's files.
InnoDB: This might be a backup or antivirus software or another instance
InnoDB: of MySQL. Please close it to get rid of this error.
260618 21:36:55  InnoDB: Operating system error number 32 in a file operation.
InnoDB: The error means that another program is using InnoDB's files.
InnoDB: This might be a backup or antivirus software or another instance
InnoDB: of MySQL. Please close it to get rid of this error.
260618 21:37:05  InnoDB: Operating system error number 32 in a file operation.
InnoDB: The error means that another program is using InnoDB's files.
InnoDB: This might be a backup or antivirus software or another instance
InnoDB: of MySQL. Please close it to get rid of this error.
260618 21:37:15  InnoDB: Operating system error number 32 in a file operation.
InnoDB: The error means that another program is using InnoDB's files.
InnoDB: This might be a backup or antivirus software or another instance
InnoDB: of MySQL. Please close it to get rid of this error.
260618 21:37:25  InnoDB: Operating system error number 32 in a file operation.
InnoDB: The error means that another program is using InnoDB's files.
InnoDB: This might be a backup or antivirus software or another instance
InnoDB: of MySQL. Please close it to get rid of this error.
260618 21:37:35  InnoDB: Operating system error number 32 in a file operation.
InnoDB: The error means that another program is using InnoDB's files.
InnoDB: This might be a backup or antivirus software or another instance
InnoDB: of MySQL. Please close it to get rid of this error.
260618 21:37:45  InnoDB: Operating system error number 32 in a file operation.
InnoDB: The error means that another program is using InnoDB's files.
InnoDB: This might be a backup or antivirus software or another instance
InnoDB: of MySQL. Please close it to get rid of this error.
260618 21:37:55  InnoDB: Operating system error number 32 in a file operation.
InnoDB: The error means that another program is using InnoDB's files.
InnoDB: This might be a backup or antivirus software or another instance
InnoDB: of MySQL. Please close it to get rid of this error.
260618 21:38:05  InnoDB: Operating system error number 32 in a file operation.
InnoDB: The error means that another program is using InnoDB's files.
InnoDB: This might be a backup or antivirus software or another instance
InnoDB: of MySQL. Please close it to get rid of this error.
260618 21:38:15  InnoDB: Operating system error number 32 in a file operation.
InnoDB: The error means that another program is using InnoDB's files.
InnoDB: This might be a backup or antivirus software or another instance
InnoDB: of MySQL. Please close it to get rid of this error.
260618 21:38:25  InnoDB: Operating system error number 32 in a file operation.
InnoDB: The error means that another program is using InnoDB's files.
InnoDB: This might be a backup or antivirus software or another instance
InnoDB: of MySQL. Please close it to get rid of this error.
260618 21:38:35  InnoDB: Operating system error number 32 in a file operation.
InnoDB: The error means that another program is using InnoDB's files.
InnoDB: This might be a backup or antivirus software or another instance
InnoDB: of MySQL. Please close it to get rid of this error.
260618 21:38:45  InnoDB: Operating system error number 32 in a file operation.
InnoDB: The error means that another program is using InnoDB's files.
InnoDB: This might be a backup or antivirus software or another instance
InnoDB: of MySQL. Please close it to get rid of this error.
260618 21:38:55  InnoDB: Operating system error number 32 in a file operation.
InnoDB: The error means that another program is using InnoDB's files.
InnoDB: This might be a backup or antivirus software or another instance
InnoDB: of MySQL. Please close it to get rid of this error.
260618 21:39:05  InnoDB: Operating system error number 32 in a file operation.
InnoDB: The error means that another program is using InnoDB's files.
InnoDB: This might be a backup or antivirus software or another instance
InnoDB: of MySQL. Please close it to get rid of this error.
260618 21:39:15  InnoDB: Operating system error number 32 in a file operation.
InnoDB: The error means that another program is using InnoDB's files.
InnoDB: This might be a backup or antivirus software or another instance
InnoDB: of MySQL. Please close it to get rid of this error.
260618 21:39:25  InnoDB: Operating system error number 32 in a file operation.
InnoDB: The error means that another program is using InnoDB's files.
InnoDB: This might be a backup or antivirus software or another instance
InnoDB: of MySQL. Please close it to get rid of this error.
260618 21:39:35  InnoDB: Operating system error number 32 in a file operation.
InnoDB: The error means that another program is using InnoDB's files.
InnoDB: This might be a backup or antivirus software or another instance
InnoDB: of MySQL. Please close it to get rid of this error.
260618 21:39:45  InnoDB: Operating system error number 32 in a file operation.
InnoDB: The error means that another program is using InnoDB's files.
InnoDB: This might be a backup or antivirus software or another instance
InnoDB: of MySQL. Please close it to get rid of this error.
260618 21:39:55  InnoDB: Operating system error number 32 in a file operation.
InnoDB: The error means that another program is using InnoDB's files.
InnoDB: This might be a backup or antivirus software or another instance
InnoDB: of MySQL. Please close it to get rid of this error.
260618 21:40:05  InnoDB: Operating system error number 32 in a file operation.
InnoDB: The error means that another program is using InnoDB's files.
InnoDB: This might be a backup or antivirus software or another instance
InnoDB: of MySQL. Please close it to get rid of this error.
260618 21:40:15  InnoDB: Operating system error number 32 in a file operation.
InnoDB: The error means that another program is using InnoDB's files.
InnoDB: This might be a backup or antivirus software or another instance
InnoDB: of MySQL. Please close it to get rid of this error.
260618 21:40:25  InnoDB: Operating system error number 32 in a file operation.
InnoDB: The error means that another program is using InnoDB's files.
InnoDB: This might be a backup or antivirus software or another instance
InnoDB: of MySQL. Please close it to get rid of this error.
260618 21:40:35  InnoDB: Operating system error number 32 in a file operation.
InnoDB: The error means that another program is using InnoDB's files.
InnoDB: This might be a backup or antivirus software or another instance
InnoDB: of MySQL. Please close it to get rid of this error.
260618 21:40:45  InnoDB: Operating system error number 32 in a file operation.
InnoDB: The error means that another program is using InnoDB's files.
InnoDB: This might be a backup or antivirus software or another instance
InnoDB: of MySQL. Please close it to get rid of this error.
260618 21:40:55  InnoDB: Operating system error number 32 in a file operation.
InnoDB: The error means that another program is using InnoDB's files.
InnoDB: This might be a backup or antivirus software or another instance
InnoDB: of MySQL. Please close it to get rid of this error.
260618 21:41:05  InnoDB: Operating system error number 32 in a file operation.
InnoDB: The error means that another program is using InnoDB's files.
InnoDB: This might be a backup or antivirus software or another instance
InnoDB: of MySQL. Please close it to get rid of this error.
260618 21:41:15  InnoDB: Operating system error number 32 in a file operation.
InnoDB: The error means that another program is using InnoDB's files.
InnoDB: This might be a backup or antivirus software or another instance
InnoDB: of MySQL. Please close it to get rid of this error.
260618 21:41:25  InnoDB: Operating system error number 32 in a file operation.
InnoDB: The error means that another program is using InnoDB's files.
InnoDB: This might be a backup or antivirus software or another instance
InnoDB: of MySQL. Please close it to get rid of this error.
260618 21:41:35  InnoDB: Operating system error number 32 in a file operation.
InnoDB: The error means that another program is using InnoDB's files.
InnoDB: This might be a backup or antivirus software or another instance
InnoDB: of MySQL. Please close it to get rid of this error.
260618 21:41:45  InnoDB: Operating system error number 32 in a file operation.
InnoDB: The error means that another program is using InnoDB's files.
InnoDB: This might be a backup or antivirus software or another instance
InnoDB: of MySQL. Please close it to get rid of this error.
260618 21:41:55  InnoDB: Operating system error number 32 in a file operation.
InnoDB: The error means that another program is using InnoDB's files.
InnoDB: This might be a backup or antivirus software or another instance
InnoDB: of MySQL. Please close it to get rid of this error.
260618 21:42:05  InnoDB: Operating system error number 32 in a file operation.
InnoDB: The error means that another program is using InnoDB's files.
InnoDB: This might be a backup or antivirus software or another instance
InnoDB: of MySQL. Please close it to get rid of this error.
260618 21:42:15  InnoDB: Operating system error number 32 in a file operation.
InnoDB: The error means that another program is using InnoDB's files.
InnoDB: This might be a backup or antivirus software or another instance
InnoDB: of MySQL. Please close it to get rid of this error.
260618 21:42:25  InnoDB: Operating system error number 32 in a file operation.
InnoDB: The error means that another program is using InnoDB's files.
InnoDB: This might be a backup or antivirus software or another instance
InnoDB: of MySQL. Please close it to get rid of this error.
260618 21:42:35  InnoDB: Operating system error number 32 in a file operation.
InnoDB: The error means that another program is using InnoDB's files.
InnoDB: This might be a backup or antivirus software or another instance
InnoDB: of MySQL. Please close it to get rid of this error.
260618 21:42:45  InnoDB: Operating system error number 32 in a file operation.
InnoDB: The error means that another program is using InnoDB's files.
InnoDB: This might be a backup or antivirus software or another instance
InnoDB: of MySQL. Please close it to get rid of this error.
260618 21:42:55  InnoDB: Operating system error number 32 in a file operation.
InnoDB: The error means that another program is using InnoDB's files.
InnoDB: This might be a backup or antivirus software or another instance
InnoDB: of MySQL. Please close it to get rid of this error.
260618 21:43:05  InnoDB: Operating system error number 32 in a file operation.
InnoDB: The error means that another program is using InnoDB's files.
InnoDB: This might be a backup or antivirus software or another instance
InnoDB: of MySQL. Please close it to get rid of this error.
260618 21:43:15  InnoDB: Operating system error number 32 in a file operation.
InnoDB: The error means that another program is using InnoDB's files.
InnoDB: This might be a backup or antivirus software or another instance
InnoDB: of MySQL. Please close it to get rid of this error.
260618 21:43:25  InnoDB: Operating system error number 32 in a file operation.
InnoDB: The error means that another program is using InnoDB's files.
InnoDB: This might be a backup or antivirus software or another instance
InnoDB: of MySQL. Please close it to get rid of this error.
260618 21:43:35  InnoDB: Operating system error number 32 in a file operation.
InnoDB: The error means that another program is using InnoDB's files.
InnoDB: This might be a backup or antivirus software or another instance
InnoDB: of MySQL. Please close it to get rid of this error.
260618 21:43:45  InnoDB: Operating system error number 32 in a file operation.
InnoDB: The error means that another program is using InnoDB's files.
InnoDB: This might be a backup or antivirus software or another instance
InnoDB: of MySQL. Please close it to get rid of this error.
260618 21:43:55  InnoDB: Operating system error number 32 in a file operation.
InnoDB: The error means that another program is using InnoDB's files.
InnoDB: This might be a backup or antivirus software or another instance
InnoDB: of MySQL. Please close it to get rid of this error.
260618 21:44:05  InnoDB: Operating system error number 32 in a file operation.
InnoDB: The error means that another program is using InnoDB's files.
InnoDB: This might be a backup or antivirus software or another instance
InnoDB: of MySQL. Please close it to get rid of this error.
260618 21:44:16  InnoDB: Operating system error number 32 in a file operation.
InnoDB: The error means that another program is using InnoDB's files.
InnoDB: This might be a backup or antivirus software or another instance
InnoDB: of MySQL. Please close it to get rid of this error.
260618 21:44:26  InnoDB: Operating system error number 32 in a file operation.
InnoDB: The error means that another program is using InnoDB's files.
InnoDB: This might be a backup or antivirus software or another instance
InnoDB: of MySQL. Please close it to get rid of this error.
260618 21:44:36  InnoDB: Operating system error number 32 in a file operation.
InnoDB: The error means that another program is using InnoDB's files.
InnoDB: This might be a backup or antivirus software or another instance
InnoDB: of MySQL. Please close it to get rid of this error.
260618 21:44:46  InnoDB: Operating system error number 32 in a file operation.
InnoDB: The error means that another program is using InnoDB's files.
InnoDB: This might be a backup or antivirus software or another instance
InnoDB: of MySQL. Please close it to get rid of this error.
260618 21:44:56  InnoDB: Operating system error number 32 in a file operation.
InnoDB: The error means that another program is using InnoDB's files.
InnoDB: This might be a backup or antivirus software or another instance
InnoDB: of MySQL. Please close it to get rid of this error.
260618 21:45:06  InnoDB: Operating system error number 32 in a file operation.
InnoDB: The error means that another program is using InnoDB's files.
InnoDB: This might be a backup or antivirus software or another instance
InnoDB: of MySQL. Please close it to get rid of this error.
260618 21:45:16  InnoDB: Operating system error number 32 in a file operation.
InnoDB: The error means that another program is using InnoDB's files.
InnoDB: This might be a backup or antivirus software or another instance
InnoDB: of MySQL. Please close it to get rid of this error.
260618 21:45:26  InnoDB: Operating system error number 32 in a file operation.
InnoDB: The error means that another program is using InnoDB's files.
InnoDB: This might be a backup or antivirus software or another instance
InnoDB: of MySQL. Please close it to get rid of this error.
260625 19:50:35 [Note] Plugin 'FEDERATED' is disabled.
260625 19:50:35 InnoDB: The InnoDB memory heap is disabled
260625 19:50:35 InnoDB: Mutexes and rw_locks use Windows interlocked functions
260625 19:50:35 InnoDB: Compressed tables use zlib 1.2.3
260625 19:50:35 InnoDB: Initializing buffer pool, size = 128.0M
260625 19:50:35 InnoDB: Completed initialization of buffer pool
260625 19:50:35 InnoDB: highest supported file format is Barracuda.
InnoDB: The log sequence number in ibdata files does not match
InnoDB: the log sequence number in the ib_logfiles!
260625 19:50:35  InnoDB: Database was not shut down normally!
InnoDB: Starting crash recovery.
InnoDB: Reading tablespace information from the .ibd files...
InnoDB: Restoring possible half-written data pages from the doublewrite
InnoDB: buffer...
260625 19:50:36  InnoDB: Waiting for the background threads to start
260625 19:50:37 InnoDB: 1.1.8 started; log sequence number 1597726
